street;house;okrug
10 лет октября;105;ЦАО
10 лет октября;107;ЦАО
10 лет октября;109;ЦАО
10 лет октября;111;ЦАО
10 лет октября;113;ЦАО
10 лет октября;115;ЦАО
10 лет октября;117;ЦАО
10 лет октября;136;ЦАО
10 лет октября;138;ЦАО
10 лет октября;141;ЦАО
10 лет октября;145;ЦАО
10 лет октября;147;ЦАО
10 лет октября;149;ЦАО
10 лет октября;172;ЦАО
10 лет октября;174;ЦАО
10 лет октября;175;ЦАО
10 лет октября;177;ЦАО
10 лет октября;178;ЦАО
10 лет октября;180;ЦАО
10 лет октября;181;ЦАО
10 лет октября;183;ЦАО
10 лет октября;187;ЦАО
10 лет октября;189;ЦАО
10 лет октября;191;ЦАО
10 лет октября;193;ЦАО
10 лет октября;201;ЦАО
10 лет октября;203;ЦАО
10 лет октября;219;ЦАО
10 лет октября;41;ЦАО
10 лет октября;43;ЦАО
10 лет октября;46;ЦАО
10 лет октября;48;ЦАО
10 лет октября;50;ЦАО
10 лет октября;70;ЦАО
11 линия;181;ОАО
11 линия;183;ОАО
11 линия;185;ОАО
13 линия;130;ЦАО
13 линия;132;ЦАО
13 линия;138;ЦАО
13 линия;140;ЦАО
13 линия;144;ЦАО
13 линия;146;ЦАО
13 линия;37;ЦАО
13 линия;43;ЦАО
13 линия;45;ЦАО
13 линия;46;ЦАО
13 линия;53;ЦАО
13 линия;57;ЦАО
13 линия;61;ЦАО
13 линия;9;ЦАО
14 линия;121;ЦАО
14 линия;41;ЦАО
15 линия;143;ЦАО
15 линия;145;ЦАО
15 линия;87;ЦАО
16 линия;142;ЦАО
16 линия;188;ОАО
16 линия;190;ОАО
16 линия;86;ЦАО
16 линия;87;ЦАО
16 линия;89;ЦАО
17 линия;113;ЦАО
17 линия;97;ЦАО
17 линия;99;ЦАО
18 линия;143;ЦАО
18 линия;145;ЦАО
18 линия;147;ЦАО
19 линия;105;ЦАО
19 линия;116;ЦАО
19 линия;118;ЦАО
19 линия;129;ЦАО
19 линия;184;ЦАО
19 партсъезда;10;САО
19 партсъезда;15;САО
19 партсъезда;17;САО
19 партсъезда;19;САО
19 партсъезда;21;САО
19 партсъезда;22;САО
19 партсъезда;24;САО
19 партсъезда;25;САО
19 партсъезда;26;САО
19 партсъезда;27;САО
19 партсъезда;28;САО
19 партсъезда;29;САО
19 партсъезда;3;САО
19 партсъезда;31;САО
19 партсъезда;32;САО
19 партсъезда;34;САО
19 партсъезда;35;САО
19 партсъезда;36;САО
19 партсъезда;38;САО
19 партсъезда;4;САО
19 партсъезда;8;САО
1905 года;53;ОАО
2 линия;119;ОАО
2 линия;59;ЦАО
2 линия;96;ОАО
20 лет ркка;1;ЦАО
20 лет ркка;10;ОАО
20 лет ркка;11;ЦАО
20 лет ркка;13;ЦАО
20 лет ркка;17;ЦАО
20 лет ркка;175;ЦАО
20 лет ркка;177;ЦАО
20 лет ркка;178;ОАО
20 лет ркка;180;ОАО
20 лет ркка;181;ЦАО
20 лет ркка;182;ОАО
20 лет ркка;184;ОАО
20 лет ркка;186;ОАО
20 лет ркка;188;ОАО
20 лет ркка;19;ЦАО
20 лет ркка;190;ОАО
20 лет ркка;192;ОАО
20 лет ркка;194;ОАО
20 лет ркка;196;ОАО
20 лет ркка;198;ОАО
20 лет ркка;2;ОАО
20 лет ркка;200;ОАО
20 лет ркка;202;ОАО
20 лет ркка;204;ОАО
20 лет ркка;206;ОАО
20 лет ркка;208;ОАО
20 лет ркка;21;ЦАО
20 лет ркка;210;ОАО
20 лет ркка;218;ОАО
20 лет ркка;23;ЦАО
20 лет ркка;234;ОАО
20 лет ркка;236;ОАО
20 лет ркка;238;ОАО
20 лет ркка;240;ОАО
20 лет ркка;242;ОАО
20 лет ркка;244;ОАО
20 лет ркка;246;ОАО
20 лет ркка;248;ОАО
20 лет ркка;250;ОАО
20 лет ркка;252;ОАО
20 лет ркка;256;ОАО
20 лет ркка;258;ОАО
20 лет ркка;260;ОАО
20 лет ркка;262;ОАО
20 лет ркка;264;ОАО
20 лет ркка;270;ОАО
20 лет ркка;272;ОАО
20 лет ркка;3;ЦАО
20 лет ркка;300;ОАО
20 лет ркка;5;ЦАО
20 лет ркка;61;ЦАО
20 лет ркка;63;ЦАО
20 лет ркка;7;ЦАО
20 лет ркка;9;ЦАО
20 линия;110;ЦАО
20 линия;167;ОАО
20 линия;169;ОАО
20 линия;171;ОАО
20 линия;173;ОАО
20 линия;175;ОАО
20 линия;23;ЦАО
20 линия;25;ЦАО
20 линия;49;ЦАО
20 линия;53;ЦАО
20 линия;55;ЦАО
20 линия;57;ЦАО
20 линия;59;ЦАО
20 линия;61;ЦАО
20 линия;86;ЦАО
20 линия;88;ЦАО
20 линия;90;ЦАО
20 линия;92;ЦАО
20 партсъезда;1;САО
20 партсъезда;10;САО
20 партсъезда;13;САО
20 партсъезда;14;САО
20 партсъезда;15;САО
20 партсъезда;17;САО
20 партсъезда;18;САО
20 партсъезда;19;САО
20 партсъезда;2;САО
20 партсъезда;20;САО
20 партсъезда;21;САО
20 партсъезда;22;САО
20 партсъезда;23;САО
20 партсъезда;25;САО
20 партсъезда;26;САО
20 партсъезда;27;САО
20 партсъезда;28;САО
20 партсъезда;29;САО
20 партсъезда;30;САО
20 партсъезда;32;САО
20 партсъезда;34;САО
20 партсъезда;36;САО
20 партсъезда;38;САО
20 партсъезда;39;САО
20 партсъезда;4;САО
20 партсъезда;41;САО
20 партсъезда;44;САО
20 партсъезда;46;САО
20 партсъезда;49;САО
20 партсъезда;5;САО
20 партсъезда;50;САО
20 партсъезда;51;САО
20 партсъезда;52;САО
20 партсъезда;53;САО
20 партсъезда;54;САО
20 партсъезда;55;САО
20 партсъезда;57;САО
20 партсъезда;58;САО
20 партсъезда;6;САО
20 партсъезда;60;САО
20 партсъезда;62;САО
20 партсъезда;64;САО
20 партсъезда;7;САО
20 партсъезда;9;САО
21 линия;10;ЦАО
21 линия;150;ЦАО
21 линия;158;ЦАО
21 линия;162;ЦАО
21 линия;164;ЦАО
21 линия;169;ЦАО
21 линия;171;ЦАО
21 линия;18;ЦАО
21 линия;33;ЦАО
21 линия;37;ЦАО
21 линия;8;ЦАО
22 апреля;1;САО
22 апреля;10;САО
22 апреля;12;САО
22 апреля;14;САО
22 апреля;16;САО
22 апреля;18;САО
22 апреля;2;САО
22 апреля;21;САО
22 апреля;24;САО
22 апреля;25;САО
22 апреля;27;САО
22 апреля;28;САО
22 апреля;3;САО
22 апреля;30;САО
22 апреля;32;САО
22 апреля;34;САО
22 апреля;37;САО
22 апреля;4;САО
22 апреля;40;САО
22 апреля;42;САО
22 апреля;43;САО
22 апреля;44;САО
22 апреля;45;САО
22 апреля;46;САО
22 апреля;48;САО
22 апреля;5;САО
22 апреля;50;САО
22 апреля;51;САО
22 апреля;52;САО
22 апреля;53;САО
22 апреля;54;САО
22 апреля;55;САО
22 апреля;56;САО
22 апреля;57;САО
22 апреля;6;САО
22 апреля;62;САО
22 апреля;64;САО
22 апреля;66;САО
22 апреля;68;САО
22 апреля;7;САО
22 апреля;70;САО
22 апреля;72;САО
22 апреля;8;САО
22 апреля;9;САО
22 линия;77;ЦАО
22 линия;96;ЦАО
23 линия;67;ЦАО
25 лет октября;11;ЛАО
25 лет октября;13;ЛАО
25 лет октября;15;ЛАО
25 лет октября;34;ЛАО
25 лет октября;47;ЛАО
25 лет октября;49;ЛАО
25 лет октября;53;ЛАО
25 линия;72;ЦАО
25 линия;74;ЦАО
26 линия;1;ЦАО
26 линия;3;ЦАО
26 линия;5;ЦАО
26 линия;7;ЦАО
26 линия;85;ЦАО
26 линия;9;ЦАО
27 линия;10;ЦАО
27 линия;11;ЦАО
27 линия;12;ЦАО
27 линия;13;ЦАО
27 линия;14;ЦАО
27 линия;16;ЦАО
27 линия;18;ЦАО
27 линия;21;ЦАО
27 линия;29;ЦАО
27 линия;31;ЦАО
27 линия;33;ЦАО
27 линия;35;ЦАО
27 линия;37;ЦАО
27 линия;4;ЦАО
27 линия;43;ОАО
27 линия;45;ОАО
27 линия;47;ОАО
27 линия;6;ЦАО
27 линия;8;ЦАО
3 линия;131;ОАО
3 линия;161;ОАО
3 разъезд;11;ЦАО
3 разъезд;21;ЦАО
3 разъезд;23;ЦАО
3 разъезд;25;ЦАО
3 разъезд;27;ЦАО
3 разъезд;29;ЦАО
3 разъезд;31;ЦАО
3 разъезд;32;ЦАО
3 разъезд;33;ЦАО
3 разъезд;34;ЦАО
3 разъезд;35;ЦАО
3 разъезд;36;ЦАО
3 разъезд;37;ЦАО
3 разъезд;7;ЦАО
3 разъезд;9;ЦАО
30 лет влксм;25;ЦАО
30 лет влксм;37;ЦАО
30 лет влксм;38;ЦАО
30 лет влксм;49;ЦАО
30 лет влксм;50;ЦАО
4 линия;119;ОАО
4 линия;163;ОАО
4 линия;164;ОАО
4 линия;175;ОАО
4 линия;177;ОАО
4 линия;178;ОАО
4 линия;179;ОАО
4 линия;181;ОАО
4 линия;183;ОАО
4 линия;185;ОАО
4 линия;187;ОАО
4 линия;189;ОАО
4 линия;196;ОАО
4 линия;198;ОАО
4 линия;202;ОАО
4 линия;228;ОАО
4 линия;229;ОАО
4 линия;230;ОАО
4 линия;231;ОАО
4 линия;233;ОАО
4 линия;235;ОАО
4 линия;237;ОАО
4 линия;238;ОАО
4 линия;239;ОАО
4 линия;240;ОАО
4 линия;242;ОАО
4 линия;244;ОАО
5 армии;10;ЦАО
5 армии;130;ЦАО
5 армии;133;ЦАО
5 армии;135;ЦАО
5 армии;139;ЦАО
5 армии;14;ЦАО
5 армии;2;ЦАО
5 армии;3;САО
5 армии;4;ЦАО
5 армии;40;ЦАО
5 армии;41;ЦАО
5 армии;6;САО
5 армии;71;ЦАО
5 линия;138;ОАО
5 линия;153;ОАО
5 линия;221;ОАО
5 линия;227;ОАО
5 линия;231;ОАО
5 линия;248;ОАО
5 линия;250;ОАО
5 линия;252;ОАО
50 лет влксм;1;ОАО
50 лет влксм;10;ОАО
50 лет влксм;12;ОАО
50 лет влксм;13;ОАО
50 лет влксм;14;ОАО
50 лет влксм;15;ОАО
50 лет влксм;16;ОАО
50 лет влксм;17;ОАО
50 лет влксм;2;ОАО
50 лет влксм;3;ОАО
50 лет влксм;4;ОАО
50 лет влксм;5;ОАО
50 лет влксм;6;ОАО
50 лет влксм;7;ОАО
50 лет влксм;8;ОАО
50 лет влксм;9;ОАО
50 лет октября;10;САО
50 лет октября;116;САО
50 лет октября;118;САО
50 лет октября;12;САО
50 лет октября;14;САО
50 лет октября;16;САО
50 лет октября;18;САО
50 лет октября;22;САО
50 лет октября;24;САО
50 лет октября;26;САО
50 лет октября;28;САО
50 лет октября;29;САО
50 лет октября;30;САО
50 лет октября;32;САО
50 лет октября;33;САО
50 лет октября;34;САО
50 лет октября;35;САО
50 лет октября;36;САО
50 лет октября;38;САО
50 лет октября;39;САО
50 лет октября;4;САО
50 лет октября;42;САО
50 лет октября;44;САО
50 лет октября;46;САО
50 лет октября;51;САО
50 лет октября;6;САО
50 лет октября;8;САО
50 лет октября;98;САО
50 лет профсоюзов;100;САО
50 лет профсоюзов;101;САО
50 лет профсоюзов;102;САО
50 лет профсоюзов;103;САО
50 лет профсоюзов;104;САО
50 лет профсоюзов;106;САО
50 лет профсоюзов;107;САО
50 лет профсоюзов;108;САО
50 лет профсоюзов;109;САО
50 лет профсоюзов;110;САО
50 лет профсоюзов;111;САО
50 лет профсоюзов;113;САО
50 лет профсоюзов;114;САО
50 лет профсоюзов;118;САО
50 лет профсоюзов;119;САО
50 лет профсоюзов;120;САО
50 лет профсоюзов;122;САО
50 лет профсоюзов;126;САО
50 лет профсоюзов;128;САО
50 лет профсоюзов;130;САО
50 лет профсоюзов;132;САО
50 лет профсоюзов;21;САО
50 лет профсоюзов;23;САО
50 лет профсоюзов;27;САО
50 лет профсоюзов;4;САО
50 лет профсоюзов;55;САО
50 лет профсоюзов;57;САО
50 лет профсоюзов;59;САО
50 лет профсоюзов;61;САО
50 лет профсоюзов;63;САО
50 лет профсоюзов;65;САО
50 лет профсоюзов;67;САО
50 лет профсоюзов;69;САО
50 лет профсоюзов;71;САО
50 лет профсоюзов;72;САО
50 лет профсоюзов;73;САО
50 лет профсоюзов;74;САО
50 лет профсоюзов;75;САО
50 лет профсоюзов;76;САО
50 лет профсоюзов;77;САО
50 лет профсоюзов;78;САО
50 лет профсоюзов;79;САО
50 лет профсоюзов;81;САО
50 лет профсоюзов;83;САО
50 лет профсоюзов;84;САО
50 лет профсоюзов;85;САО
50 лет профсоюзов;86;САО
50 лет профсоюзов;87;САО
50 лет профсоюзов;88;САО
50 лет профсоюзов;90;САО
50 лет профсоюзов;91;САО
50 лет профсоюзов;92;САО
50 лет профсоюзов;93;САО
50 лет профсоюзов;94;САО
50 лет профсоюзов;95;САО
50 лет профсоюзов;96;САО
50 лет профсоюзов;97;САО
50 лет профсоюзов;98;САО
6 линия;167;ОАО
6 линия;168;ОАО
6 линия;169;ОАО
6 линия;171;ОАО
6 линия;172;ОАО
6 линия;173;ОАО
6 линия;174;ОАО
6 линия;175;ОАО
6 линия;176;ОАО
6 линия;180;ОАО
6 линия;182;ОАО
6 линия;187;ОАО
6 линия;191;ОАО
6 линия;193;ОАО
6 линия;34;ОАО
6 линия;70;ЦАО
6 линия;96;ОАО
6 линия;97;ОАО
6 линия;99;ОАО
7 линия;177;ОАО
7 линия;179;ОАО
7 линия;180;ОАО
7 линия;181;ОАО
7 линия;182;ОАО
7 линия;186;ОАО
7 линия;190;ОАО
7 линия;227;ОАО
70 лет октября;10;КАО
70 лет октября;11;КАО
70 лет октября;12;КАО
70 лет октября;13;КАО
70 лет октября;14;КАО
70 лет октября;15;КАО
70 лет октября;16;КАО
70 лет октября;18;КАО
70 лет октября;20;КАО
70 лет октября;22;КАО
70 лет октября;3;КАО
70 лет октября;6;КАО
70 лет октября;8;КАО
75 гвардейской бригады;1;ОАО
75 гвардейской бригады;10;ОАО
75 гвардейской бригады;12;ОАО
75 гвардейской бригады;14;ОАО
75 гвардейской бригады;16;ОАО
75 гвардейской бригады;18;ОАО
75 гвардейской бригады;2;ОАО
75 гвардейской бригады;20;ОАО
75 гвардейской бригады;22;ОАО
75 гвардейской бригады;3;ОАО
75 гвардейской бригады;4;ОАО
75 гвардейской бригады;5;ОАО
75 гвардейской бригады;6;ОАО
75 гвардейской бригады;7;ОАО
75 гвардейской бригады;8;ОАО
75 гвардейской бригады;9;ОАО
8 линия;128;ОАО
8 линия;133;ОАО
8 линия;135;ОАО
8 линия;166;ОАО
8 линия;168;ОАО
8 линия;170;ОАО
8 линия;172;ОАО
8 линия;174;ОАО
8 линия;180;ОАО
8 линия;184;ОАО
8 линия;186;ОАО
8 линия;188;ОАО
8 линия;190;ОАО
8 линия;191;ОАО
8 линия;193;ОАО
8 линия;195;ОАО
8 линия;198;ОАО
8 линия;199;ОАО
8 линия;201;ОАО
8 линия;205;ОАО
8 линия;207;ОАО
8 линия;209;ОАО
8 линия;215;ОАО
8 линия;217;ОАО
8 линия;219;ОАО
8 линия;78;ЦАО
8 линия;86;ЦАО
8 линия;94;ЦАО
8 линия;95;ЦАО
8 линия;96;ЦАО
8 марта;4;ЦАО
9 линия;121;ЦАО
9 линия;139;ОАО
9 линия;141;ОАО
9 линия;155;ОАО
9 линия;157;ОАО
9 линия;158;ОАО
9 линия;160;ОАО
9 линия;163;ОАО
9 линия;165;ОАО
9 линия;166;ОАО
9 линия;167;ОАО
9 линия;168;ОАО
9 линия;169;ОАО
9 линия;170;ОАО
9 линия;180;ОАО
9 линия;193;ОАО
9 линия;195;ОАО
9 линия;198;ОАО
9 линия;210;ОАО
9 линия;44;ЦАО
9 линия;46;ЦАО
агрономическая;2;САО
агрономическая;4;САО
агрономическая;6;САО
академика павлова;10;ЛАО
академика павлова;11;ЛАО
академика павлова;12;ЛАО
академика павлова;13;ЛАО
академика павлова;15;ЛАО
академика павлова;21;ЛАО
академика павлова;23;ЛАО
академика павлова;25;ЛАО
академика павлова;27;ЛАО
академика павлова;31;ЛАО
академика павлова;5;ЛАО
академика павлова;7;ЛАО
академика павлова;8;ЛАО
академика павлова;9;ЛАО
ангарская;13;ЛАО
ангарская;2;ЛАО
ангарская;3;ЛАО
ангарская;5;ЛАО
ангарская;7;ЛАО
ангарская;9;ЛАО
андрианова;10;САО
андрианова;12;САО
андрианова;14;САО
андрианова;16;САО
андрианова;18;САО
андрианова;2;САО
андрианова;20;САО
андрианова;22;САО
андрианова;26;САО
андрианова;30;САО
андрианова;32;САО
андрианова;34;САО
андрианова;36;САО
андрианова;38;САО
андрианова;6;САО
андрианова;8;САО
аптечный;12;САО
аптечный;13;САО
аптечный;14;САО
аптечный;16;САО
арнольда нейбута;10;ЦАО
арнольда нейбута;11;ЦАО
арнольда нейбута;135;ЦАО
арнольда нейбута;6;ЦАО
арнольда нейбута;64;ЦАО
арнольда нейбута;66;ЦАО
арнольда нейбута;7;ЦАО
арнольда нейбута;8;ЦАО
арнольда нейбута;97;ЦАО
арнольда нейбута;98;ЦАО
арнольда нейбута;99;ЦАО
арсеньева;10;ЦАО
арсеньева;2;ЦАО
арсеньева;4;ЦАО
арсеньева;5;ЦАО
арсеньева;6;ЦАО
арсеньева;7;ЦАО
арсеньева;8;ЦАО
арсеньева;9;ЦАО
архитекторов;1;КАО
архитекторов;10;КАО
архитекторов;12;КАО
архитекторов;13;КАО
архитекторов;14;КАО
архитекторов;15;КАО
архитекторов;17;КАО
архитекторов;19;КАО
архитекторов;2;КАО
архитекторов;21;КАО
архитекторов;23;КАО
архитекторов;25;КАО
архитекторов;3;КАО
архитекторов;4;КАО
архитекторов;6;КАО
архитекторов;7;КАО
архитекторов;8;КАО
б г шаронова;19;КАО
б г шаронова;21;КАО
б г шаронова;23;КАО
б г шаронова;25;КАО
б г шаронова;27;КАО
байкальская;3;ЛАО
байкальская;36;ЛАО
байкальская;38;ЛАО
байкальская;40;ЛАО
барнаульская;45;ЦАО
бархатовой;1;САО
бархатовой;10;САО
бархатовой;11;САО
бархатовой;3;САО
бархатовой;4;САО
бархатовой;5;САО
бархатовой;6;САО
бархатовой;7;САО
бархатовой;8;САО
бархатовой;9;САО
башенный;2;САО
башенный;4;САО
башенный 1-й;4;САО
башенный 1-й;6;САО
башенный 1-й;8;САО
башенный 3-й;37;САО
белинского;47;ЛАО
белинского;49;ЛАО
белинского;50;ЛАО
белинского;51;ЛАО
белинского;53;ЛАО
белинского;54;ЛАО
белинского;55;ЛАО
белинского;57;ЛАО
белинского;58;ЛАО
белинского;60;ЛАО
белинского;62;ЛАО
белозерова;1;САО
белозерова;10;САО
белозерова;11;САО
белозерова;12;САО
белозерова;13;САО
белозерова;14;САО
белозерова;15;САО
белозерова;2;САО
белозерова;3;САО
белозерова;4;САО
белозерова;6;САО
белозерова;7;САО
белозерова;8;САО
белозерова;9;САО
бережного;1;КАО
бережного;3;КАО
бережного;5;КАО
бережного;6;КАО
берко цемента;1;ОАО
берко цемента;10;ОАО
берко цемента;12;ОАО
берко цемента;14;ОАО
берко цемента;2;ОАО
берко цемента;3;ОАО
берко цемента;6;ОАО
берко цемента;8;ОАО
блусевич;21;ЛАО
блусевич;24;ЛАО
блусевич;25;ЛАО
блусевич;26;ЛАО
блусевич;3;ЛАО
блусевич;59;ЛАО
блюхера;10;САО
блюхера;12;САО
блюхера;14;САО
блюхера;18;САО
блюхера;20;САО
блюхера;22;САО
блюхера;24;САО
блюхера;26;САО
блюхера;30;САО
блюхера;8;САО
богдана хмельницкого;126;ЦАО
богдана хмельницкого;130;ЦАО
богдана хмельницкого;132;ЦАО
богдана хмельницкого;134;ЦАО
богдана хмельницкого;136;ЦАО
богдана хмельницкого;138;ЦАО
богдана хмельницкого;148;ОАО
богдана хмельницкого;150;ОАО
богдана хмельницкого;154;ОАО
богдана хмельницкого;156;ОАО
богдана хмельницкого;158;ОАО
богдана хмельницкого;160;ОАО
богдана хмельницкого;162;ОАО
богдана хмельницкого;164;ОАО
богдана хмельницкого;166;ОАО
богдана хмельницкого;168;ОАО
богдана хмельницкого;170;ОАО
богдана хмельницкого;172;ОАО
богдана хмельницкого;174;ОАО
богдана хмельницкого;176;ОАО
богдана хмельницкого;180;ОАО
богдана хмельницкого;182;ОАО
богдана хмельницкого;184;ОАО
богдана хмельницкого;186;ОАО
богдана хмельницкого;188;ОАО
богдана хмельницкого;190;ОАО
богдана хмельницкого;192;ОАО
богдана хмельницкого;198;ОАО
богдана хмельницкого;200;ОАО
богдана хмельницкого;202;ОАО
богдана хмельницкого;204;ОАО
богдана хмельницкого;206;ОАО
богдана хмельницкого;208;ОАО
богдана хмельницкого;212;ОАО
богдана хмельницкого;214;ОАО
богдана хмельницкого;216;ОАО
богдана хмельницкого;220;ОАО
богдана хмельницкого;222;ОАО
богдана хмельницкого;228;ОАО
богдана хмельницкого;230;ОАО
богдана хмельницкого;232;ОАО
богдана хмельницкого;234;ОАО
богдана хмельницкого;238;ОАО
богдана хмельницкого;38;ЦАО
богдана хмельницкого;40;ЦАО
богдана хмельницкого;42;ЦАО
богдана хмельницкого;44;ЦАО
богдана хмельницкого;46;ЦАО
бородина;10;САО
бородина;12;САО
бородина;13;САО
бородина;15;САО
бородина;17;САО
бородина;2;САО
бородина;33;САО
бородина;37;САО
бородина;38;САО
бородина;39;САО
бородина;4;САО
бородина;40;САО
бородина;41;САО
бородина;42;САО
бородина;43;САО
бородина;44;САО
бородина;45;САО
бородина;46;САО
бородина;48;САО
бородина;6;САО
бородина;8;САО
братская;11;ЛАО
братская;15;ЛАО
братская;17;ЛАО
братская;19;ОАО
братская;21;ОАО
братская;3;ЛАО
братская;5;ЛАО
братская;9;ЛАО
броз тито;5;ЦАО
булатова;39;ЦАО
булатова;51;ЦАО
булатова;68;ЦАО
булатова;76;ЦАО
бульварная;11;ОАО
бульварная;13;ОАО
бульварная;15;ОАО
бульварная;2;ЦАО
бульварная;3;ЦАО
бульварная;32;ОАО
бульварная;34;ОАО
бульварная;35;ОАО
бульварная;36;ОАО
бульварная;38;ОАО
бульварная;4;ОАО
бульварная;40;ОАО
бульварная;42;ОАО
бульварная;43;ОАО
бульварная;53;ОАО
в иванова;1;ЛАО
в иванова;10;ЛАО
в иванова;11;ЛАО
в иванова;12;ЛАО
в иванова;13;ЛАО
в иванова;14;ЛАО
в иванова;15;ЛАО
в иванова;16;ЛАО
в иванова;17;ЛАО
в иванова;18;ЛАО
в иванова;2;ЛАО
в иванова;20;ЛАО
в иванова;4;ЛАО
в иванова;6;ЛАО
в иванова;7;ЛАО
в иванова;8;ЛАО
в м шукшина;11;САО
в м шукшина;2;САО
в м шукшина;3;САО
в м шукшина;7;САО
в м шукшина;8;САО
в м шукшина;9;САО
вавилова;2;ЦАО
вавилова;225;ЦАО
вавилова;234;ЦАО
вавилова;236;ЦАО
вавилова;245;ЦАО
вавилова;247;ЦАО
вавилова;31;ЦАО
вавилова;5;ЦАО
ватутина;1;КАО
ватутина;11;КАО
ватутина;12;КАО
ватутина;13;КАО
ватутина;14;КАО
ватутина;15;КАО
ватутина;16;КАО
ватутина;18;КАО
ватутина;2;КАО
ватутина;24;КАО
ватутина;26;КАО
ватутина;28;КАО
ватутина;3;КАО
ватутина;31;КАО
ватутина;33;КАО
ватутина;35;КАО
ватутина;4;КАО
ватутина;5;КАО
ватутина;6;КАО
ватутина;7;КАО
ватутина;9;КАО
взлетная;1;КАО
взлетная;11;КАО
взлетная;13;КАО
взлетная;15;КАО
взлетная;3;КАО
взлетная;4;КАО
взлетная;5;КАО
взлетная;7;КАО
взлетная;9;КАО
военная 1-я;22;ОАО
военная 1-я;5;ОАО
военная 1-я;7;ОАО
военно-продуктовый пункт;2;ЛАО
военно-продуктовый пункт;3;ЛАО
военно-продуктовый пункт;4;ЛАО
вокзальная;1;ЛАО
вокзальная;10;ЛАО
вокзальная;11;ЛАО
вокзальная;12;ЛАО
вокзальная;13;ЛАО
вокзальная;14;ЛАО
вокзальная;15;ЛАО
вокзальная;161;ЛАО
вокзальная;17;ЛАО
вокзальная;18;ЛАО
вокзальная;2;ЛАО
вокзальная;20;ЛАО
вокзальная;21;ЛАО
вокзальная;22;ЛАО
вокзальная;23;ЛАО
вокзальная;25;ЛАО
вокзальная;27;ЛАО
вокзальная;3;ЛАО
вокзальная;31;ЛАО
вокзальная;4;ЛАО
вокзальная;49;ЛАО
вокзальная;6;ЛАО
вокзальная;7;ЛАО
вокзальная;8;ЛАО
волгоградская;10;КАО
волгоградская;12;КАО
волгоградская;14;КАО
волгоградская;16;КАО
волгоградская;18;КАО
волгоградская;2;КАО
волгоградская;24;КАО
волгоградская;26;КАО
волгоградская;28;КАО
волгоградская;30;КАО
волгоградская;32;КАО
волгоградская;34;КАО
волгоградская;4;КАО
волгоградская;40;КАО
волгоградская;42;КАО
волгоградская;44;КАО
волгоградская;6;КАО
волгоградская;8;КАО
волкова;1;САО
волкова;11;САО
волкова;13;САО
волкова;15;САО
волкова;3;САО
волкова;5;САО
волкова;7;САО
волкова;9;САО
волочаевская;11;ЦАО
волочаевская;13;ЦАО
волочаевская;15;ЦАО
волочаевская;17;ЦАО
волочаевская;19;ЦАО
волочаевская;9;ЦАО
волховстроя;11;САО
волховстроя;18;ЦАО
волховстроя;20;ЦАО
волховстроя;23;САО
волховстроя;24;ЦАО
волховстроя;5;САО
волховстроя;79;САО
волховстроя;81;САО
волховстроя;88;САО
волховстроя;90;САО
волховстроя;94;САО
воронкова;1;ЦАО
воронкова;11;ЦАО
воронкова;13;ЦАО
воронкова;3;ЦАО
воронкова;5;ЦАО
воронкова;7;ЦАО
воронкова;9;ЦАО
восточная 1-я;23;ЦАО
восточная 11-я;17;ЦАО
восточная 11-я;19;ЦАО
восточная 11-я;21;ЦАО
восточная 11-я;23;ЦАО
восточная 2-я;26;ЦАО
восточная 5-я;10;ЦАО
восточная 8-я;24;ЦАО
восточная 8-я;36;ЦАО
вузовская;16;ЛАО
вузовская;2;ЛАО
вузовская;20;ЛАО
вузовская;22;ЛАО
вузовская;24;ЛАО
вузовская;28;ЛАО
вузовская;29;ЛАО
вузовская;4;ЛАО
вузовская;5;ЛАО
вузовская;7;ЛАО
вузовская;8;ЛАО
входной;10;КАО
входной;12;КАО
входной;13;КАО
входной;14;КАО
входной;17;КАО
входной;18;КАО
входной;19;КАО
входной;2;КАО
входной;20;КАО
входной;21;КАО
входной;22;КАО
входной;23;КАО
входной;24;КАО
входной;25;КАО
входной;26;КАО
входной;27;КАО
входной;28;КАО
входной;29;КАО
входной;3;КАО
входной;30;КАО
входной;31;КАО
входной;32;КАО
входной;33;КАО
входной;34;КАО
входной;35;КАО
входной;36;КАО
входной;4;КАО
входной;5;КАО
гагарина;2;ЦАО
газетный;5;ЦАО
герцена;13;ЦАО
герцена;17;ЦАО
герцена;37;ЦАО
герцена;38;ЦАО
герцена;39;ЦАО
герцена;40;ЦАО
герцена;42;ЦАО
герцена;55;ЦАО
глинки;1;САО
глинки;1;ЦАО
глинки;2;САО
глинки;3;САО
глинки;4;САО
гоголя;116;ЛАО
гоголя;29;ЛАО
гоголя;76;ЛАО
гоголя;80;ЛАО
гоголя;82;ЛАО
голика;2;ЦАО
горная;12;САО
горная;5;САО
горная;7;САО
горная;8;САО
горный;1;САО
горный;2;САО
горный;4;САО
городок водников;71;ЦАО
городок водников;73;ЦАО
городок водников;78;ЦАО
городок военный 16-й;338;ОАО
городок военный 16-й;339;ОАО
городок военный 16-й;365;ОАО
городок военный 16-й;366;ОАО
городок военный 16-й;367;ОАО
городок военный 16-й;368;ОАО
городок военный 16-й;371;ОАО
городок военный 16-й;374;ОАО
городок военный 16-й;381;ОАО
городок военный 16-й;382;ОАО
городок военный 16-й;383;ОАО
городок военный 16-й;393;ОАО
городок военный 16-й;404;ОАО
городок военный 16-й;406;ОАО
городок военный 16-й;408;ОАО
городок военный 16-й;414;ОАО
городок военный 16-й;415;ОАО
городок военный 16-й;416;ОАО
городок военный 16-й;417;ОАО
городок военный 16-й;426;ОАО
городок военный 16-й;461;ОАО
городок военный 16-й;56;ОАО
городок военный 16-й;59;ОАО
городок военный 17-й;339;ЦАО
городок военный 17-й;340;ЦАО
городок военный 17-й;341;ЦАО
городок военный 17-й;353;ЦАО
городок военный 17-й;354;ЦАО
городок военный 17-й;355;ЦАО
городок военный 17-й;356;ЦАО
городок военный 17-й;361;ЦАО
городок военный 17-й;362;ЦАО
городок военный 17-й;364;ЦАО
городок военный 17-й;365;ЦАО
городок военный 17-й;366;ЦАО
городок военный 17-й;367;ЦАО
городок военный 17-й;370;ЦАО
городок комсомольский;11;ОАО
городок комсомольский;12;ОАО
городок комсомольский;13;ОАО
городок комсомольский;16;ОАО
городок комсомольский;21;ОАО
городок комсомольский;3;ОАО
городок комсомольский;4;ОАО
городок комсомольский;5;ОАО
городок комсомольский;6;ОАО
городок комсомольский;8;ОАО
горького;54;ЛАО
горького;67;ЛАО
горького;71;ЛАО
горького;75;ЛАО
горького;76;ЛАО
горького;77;ЛАО
горького;78;ЛАО
горького;79;ЛАО
горького;80;ЛАО
горького;82;ЛАО
горького;83;ЛАО
горького;84;ЛАО
горького;88;ЛАО
горького;89;ЛАО
горького;90;ЛАО
горького;91;ЛАО
горького;93;ЛАО
горького;95;ЛАО
горького;96;ЛАО
горького;97;ЛАО
горького;98;ЛАО
горького;99;ЛАО
горячева;6;САО
горячева;8;САО
госпитальная;19;ЦАО
гризодубовой;10;ЛАО
гризодубовой;11;ЛАО
гризодубовой;12;ЛАО
гризодубовой;14;ЛАО
гризодубовой;15;ЛАО
гризодубовой;16;ЛАО
гризодубовой;17;ЛАО
гризодубовой;19;ЛАО
гризодубовой;23;ЛАО
гризодубовой;33;ЛАО
гризодубовой;37;ЛАО
гризодубовой;6;ЛАО
гризодубовой;7;ЛАО
гризодубовой;8;ЛАО
гризодубовой;9;ЛАО
грозненская;10;САО
грозненская;12;САО
грозненская;16;САО
грозненская;18;САО
грозненская;20;САО
грозненская;22;САО
грозненская;4;САО
грозненская;6;САО
грозненская;8;САО
гусарова;13;ЦАО
гусарова;20;ЦАО
гусарова;22;ЦАО
гусарова;24;ЦАО
гусарова;26;ЦАО
гусарова;28;ЦАО
гусарова;30;ЦАО
гусарова;33;ЦАО
гусарова;50;ЦАО
гусарова;58;ЦАО
гусарова;60;ЦАО
гусарова;62;ЦАО
гусарова;85;ЦАО
гусарова;91;ЦАО
гусарова;95;ЦАО
дальняя;40;ЦАО
дальняя;42;ЦАО
дачная 2-я;1;САО
дачная 2-я;10;ЦАО
дачная 2-я;12;ЦАО
дачная 2-я;18;ЦАО
дачная 2-я;20;ЦАО
дачная 2-я;22;ЦАО
дачная 2-я;24;ЦАО
дачная 3-я;1;САО
дачная 3-я;42;ЦАО
дачная 4-я;11;САО
дачная 4-я;13;САО
дачная 4-я;25;ЦАО
дачная 4-я;27;ЦАО
дачная 4-я;35;ЦАО
дачная 4-я;36;ЦАО
дачная 4-я;46;ЦАО
декабристов;100;ЦАО
декабристов;102;ЦАО
декабристов;104;ЦАО
декабристов;106;ЦАО
декабристов;108;ЦАО
декабристов;110;ЦАО
декабристов;114;ЦАО
декабристов;116;ЦАО
декабристов;130;ЦАО
декабристов;137;ЦАО
декабристов;139;ЦАО
декабристов;143;ЦАО
декабристов;145;ЦАО
декабристов;147;ЦАО
декабристов;149;ЦАО
декабристов;155;ЦАО
декабристов;157;ЦАО
декабристов;16;ЦАО
декабристов;4;ЦАО
декабристов;44;ЦАО
декабристов;53;ЦАО
декабристов;6;ЦАО
декабристов;65;ЦАО
декабристов;69;ЦАО
декабристов;71;ЦАО
декабристов;78;ЦАО
декабристов;80;ЦАО
декабристов;98;ЦАО
дементьева;21;ОАО
демьяна бедного;107;ЛАО
демьяна бедного;67;ЛАО
демьяна бедного;69;ЛАО
демьяна бедного;73;ЛАО
демьяна бедного;91;ЛАО
демьяна бедного;93;ЛАО
дзержинского;1;ЦАО
дзержинского;30;ЛАО
дзержинского;32;ЛАО
дзержинского;39;ЛАО
дзержинского;43;ЛАО
дзержинского;45;ЛАО
дзержинского;54;ЛАО
дианова;11;КАО
дианова;12;КАО
дианова;15;КАО
дианова;16;КАО
дианова;17;КАО
дианова;18;КАО
дианова;19;КАО
дианова;2;КАО
дианова;20;КАО
дианова;21;КАО
дианова;22;КАО
дианова;23;КАО
дианова;24;КАО
дианова;25;КАО
дианова;26;КАО
дианова;27;КАО
дианова;28;КАО
дианова;3;КАО
дианова;30;КАО
дианова;31;КАО
дианова;32;КАО
дианова;33;КАО
дианова;4;КАО
дианова;5;КАО
дианова;6;КАО
дианова;7;КАО
дианова;8;КАО
дианова;9;КАО
дмитриева;1;КАО
дмитриева;11;КАО
дмитриева;13;КАО
дмитриева;15;КАО
дмитриева;17;КАО
дмитриева;19;КАО
дмитриева;2;КАО
дмитриева;3;КАО
дмитриева;4;КАО
дмитриева;5;КАО
дмитриева;6;КАО
дмитриева;9;КАО
добровольского;1;ЦАО
добровольского;11;ЦАО
добровольского;13;ЦАО
добровольского;3;ЦАО
добровольского;4;ЦАО
добровольского;5;ЦАО
добровольского;6;ЦАО
добровольского;7;ЦАО
добровольского;9;ЦАО
добролюбова;1;ЛАО
добролюбова;21;ЛАО
добролюбова;23;ЛАО
добролюбова;29;ЛАО
добролюбова;3;ЛАО
добролюбова;34;ЛАО
добролюбова;4;ЛАО
добролюбова;42;ЛАО
добролюбова;44;ЛАО
добролюбова;48;ЛАО
добролюбова;50;ЛАО
добролюбова;52;ЛАО
добролюбова;55;ЛАО
добролюбова;57;ЛАО
добролюбова;62;ЛАО
добролюбова;64;ЛАО
добролюбова;66;ЛАО
добролюбова;70;ЛАО
доковская;25;САО
доковская;32;САО
доковская;33;САО
доковская;34;САО
доковская;35;САО
доковская;36;САО
доковская;38;САО
доковская;39;САО
долгирева;101;ЦАО
долгирева;15;ЦАО
долгирева;2;ЦАО
долгирева;5;ЦАО
долгирева;67;ЦАО
долгирева;69;ЦАО
долгирева;71;ЦАО
долгирева;73;ЦАО
долгирева;75;ЦАО
долгирева;77;ЦАО
долгирева;96;ЦАО
дружбы;101;САО
дружбы;32;САО
дружбы;38;САО
дружбы;39;САО
дружбы;40;САО
дружбы;41;САО
дружбы;42;САО
дружбы;43;САО
дружбы;45;САО
дружбы;46;САО
дружбы;47;САО
дружбы;48;САО
дружбы;49;САО
дружбы;50;САО
дружбы;52;САО
дружбы;53;САО
дружбы;54;САО
дружбы;56;САО
дружбы;57;САО
дружбы;58;САО
дружбы;59;САО
дружбы;60;САО
дружбы;61;САО
дружбы;62;САО
дружбы;63;САО
дружбы;64;САО
дружбы;65;САО
дружбы;66;САО
дружбы;68;САО
дружбы;69;САО
дружбы;70;САО
дружбы;71;САО
дружбы;72;САО
дружбы;73;САО
дружбы;74;САО
дружбы;75;САО
дружбы;76;САО
дружбы;77;САО
дружбы;78;САО
дружбы;79;САО
дружбы;80;САО
дружбы;81;САО
дружбы;82;САО
дружбы;83;САО
дружбы;84;САО
дружбы;85;САО
дружбы;86;САО
дружбы;87;САО
дружбы;88;САО
дружбы;89;САО
дружбы;91;САО
дружбы;93;САО
дружбы;95;САО
дружбы;97;САО
дружбы;99;САО
дунайская 1-я;1;ЦАО
дунайская 1-я;16;ЦАО
дунайская 1-я;18;ЦАО
дунайская 1-я;20;ЦАО
дунайская 1-я;22;ЦАО
дунайская 1-я;26;ЦАО
дунайская 1-я;3;ЦАО
дунайская 1-я;32;ЦАО
дунайская 1-я;34;ЦАО
дунайская 1-я;36;ЦАО
дунайская 1-я;38;ЦАО
дунайская 1-я;40;ЦАО
дунайская 1-я;5;ЦАО
дунайская 2-я;1;ЦАО
дунайская 2-я;10;ЦАО
дунайская 2-я;11;ЦАО
дунайская 2-я;12;ЦАО
дунайская 2-я;13;ЦАО
дунайская 2-я;14;ЦАО
дунайская 2-я;15;ЦАО
дунайская 2-я;2;ЦАО
дунайская 2-я;3;ЦАО
дунайская 2-я;4;ЦАО
дунайская 2-я;5;ЦАО
дунайская 2-я;6;ЦАО
дунайская 2-я;7;ЦАО
дунайская 2-я;8;ЦАО
дунайская 2-я;9;ЦАО
дунайская 9-я;23;ЦАО
дунайская 9-я;27;ЦАО
дунайская 9-я;42;ЦАО
дунайская 9-я;50;ЦАО
дунайская 9-я;52;ЦАО
енисейская 3-я;19;КАО
енисейская 3-я;21;КАО
енисейская 3-я;28;КАО
енисейская 3-я;32;КАО
ермака;30;ОАО
ермолаева;1;ОАО
ермолаева;10;ОАО
ермолаева;11;ОАО
ермолаева;12;ОАО
ермолаева;3;ОАО
ермолаева;4;ОАО
ермолаева;5;ОАО
ермолаева;6;ОАО
ермолаева;7;ОАО
ермолаева;8;ОАО
ермолаева;9;ОАО
железнодорожная 1-я;18;ОАО
железнодорожная 1-я;20;ОАО
железнодорожная 1-я;40;ОАО
железнодорожная 2-я;1;ОАО
железнодорожная 2-я;3;ОАО
железнодорожная 2-я;5;ОАО
железнодорожная 3-я;10;ОАО
железнодорожная 3-я;11;ОАО
железнодорожная 3-я;12;ОАО
железнодорожная 3-я;13;ОАО
железнодорожная 3-я;14;ОАО
железнодорожная 3-я;15;ОАО
железнодорожная 3-я;20;ОАО
железнодорожная 3-я;22;ОАО
железнодорожная 3-я;24;ОАО
железнодорожная 3-я;26;ОАО
железнодорожная 3-я;3;ОАО
железнодорожная 3-я;7;ОАО
железнодорожная 3-я;8;ОАО
железнодорожная 3-я;9;ОАО
железнодорожная 4-я;10;ОАО
железнодорожная 4-я;12;ОАО
железнодорожная 4-я;4;ОАО
железнодорожная 4-я;6;ОАО
железнодорожная 4-я;8;ОАО
желиховского;2;ЛАО
желиховского;4;ЛАО
желиховского;6;ЛАО
желиховского;61;ЛАО
желиховского;63;ЛАО
желиховского;65;ЛАО
желиховского;66;ЛАО
желиховского;67;ЛАО
желиховского;84;ЛАО
желиховского;86;ЛАО
желиховского;87;ЛАО
желиховского;88;ЛАО
желиховского;89;ЛАО
забайкальская;12;САО
забайкальская;20;САО
забайкальская;27;САО
забайкальская;29;САО
заводская 6-я;8;САО
загородная;239;САО
заозерная;1;САО
заозерная;10;САО
заозерная;11;САО
заозерная;12;САО
заозерная;13;САО
заозерная;14;САО
заозерная;15;САО
заозерная;16;САО
заозерная;17;САО
заозерная;18;САО
заозерная;19;САО
заозерная;2;САО
заозерная;20;САО
заозерная;21;САО
заозерная;22;САО
заозерная;24;САО
заозерная;25;САО
заозерная;26;САО
заозерная;27;САО
заозерная;28;САО
заозерная;3;САО
заозерная;32;САО
заозерная;36;САО
заозерная;4;САО
заозерная;40;САО
заозерная;5;САО
заозерная;9;САО
запорожская;10;ОАО
запорожская;6;ОАО
запорожская;7;ОАО
запорожская;8;ОАО
запорожская;9;ОАО
заречная 1-я;1;ЦАО
заречная 1-я;11;ЦАО
заречная 1-я;13;ЦАО
заречная 1-я;23;ЦАО
заречная 1-я;3;ЦАО
заречная 1-я;5;ЦАО
заречная 1-я;7;ЦАО
заречная 1-я;9;ЦАО
заречная 2-я;1;ЦАО
заречная 2-я;10;ЦАО
заречная 2-я;11;ЦАО
заречная 2-я;13;ЦАО
заречная 2-я;15;ЦАО
заречная 2-я;17;ЦАО
заречная 2-я;18;ЦАО
заречная 2-я;2;ЦАО
заречная 2-я;3;ЦАО
заречная 2-я;4;ЦАО
заречная 2-я;5;ЦАО
заречная 2-я;6;ЦАО
заречная 2-я;7;ЦАО
заречная 2-я;8;ЦАО
заречная 2-я;9;ЦАО
заречная 3-я;12;ЦАО
заречная 3-я;14;ЦАО
заречная 3-я;2;ЦАО
заречная 3-я;4;ЦАО
заречная 3-я;6;ЦАО
заречная 3-я;8;ЦАО
заречная 4-я;11;ЦАО
заречная 4-я;13;ЦАО
заречная 4-я;19;ЦАО
заречная 4-я;2;ЦАО
заречная 4-я;34;ЦАО
заречная 4-я;35;ЦАО
заречная 4-я;38;ЦАО
заречная 4-я;4;ЦАО
заречная 4-я;7;ЦАО
заречная 4-я;9;ЦАО
заречный;10;КАО
заречный;2;КАО
затонская 1-я;11;САО
затонская 1-я;12;САО
затонская 1-я;13;САО
затонская 1-я;14;САО
затонская 1-я;17;САО
затонская 1-я;18;САО
затонская 1-я;20;САО
затонская 1-я;3;САО
затонская 1-я;4;САО
затонская 1-я;5;САО
затонская 1-я;7;САО
затонская 1-я;8;САО
затонская 2-я;11;САО
затонская 2-я;12;САО
затонская 2-я;13;САО
затонская 2-я;14;САО
затонская 2-я;15;САО
затонская 2-я;16;САО
затонская 2-я;17;САО
затонская 2-я;19;САО
затонская 2-я;21;САО
затонская 2-я;25;САО
затонская 2-я;27;САО
затонская 2-я;4;САО
затонская 2-я;5;САО
затонская 2-я;6;САО
затонская 2-я;7;САО
затонская 2-я;8;САО
затонская 2-я;9;САО
звездная;10;КАО
звездная;12;КАО
звездная;2;КАО
звездная;4;КАО
звездная;6;КАО
звездная;8;КАО
звездова;101;ЦАО
звездова;103;ЦАО
звездова;107;ЦАО
звездова;11;ЦАО
звездова;127;ЦАО
звездова;128;ЦАО
звездова;129;ЦАО
звездова;130;ЦАО
звездова;132;ЦАО
звездова;16;ЦАО
звездова;160;ЦАО
звездова;162;ЦАО
звездова;18;ЦАО
звездова;3;ЦАО
звездова;62;ЦАО
звездова;98;ЦАО
зеленый;10;КАО
зеленый;11;КАО
зеленый;2;ЦАО
зеленый;4;КАО
зеленый;6;КАО
зеленый;7;КАО
зеленый;8;КАО
зеленый;9;КАО
зенькова;2;ЛАО
зенькова;28;ЛАО
зенькова;37;ЛАО
зенькова;6;ЛАО
зенькова;8;ЛАО
зенькова;9;ЛАО
ивана алексеева;1;ЦАО
ивана алексеева;6;ЦАО
ивана алексеева;8;ЦАО
иванишко;33;ЦАО
избышева;15;ЛАО
избышева;21;ЛАО
избышева;23;ЛАО
избышева;25;ЛАО
избышева;4;ЛАО
ильинская;1;ЦАО
ильинская;17;ЦАО
ильинская;2;ЦАО
ильинская;3;ЦАО
ильичева;1;ЛАО
ильичева;2;ЛАО
ильичева;3;ЛАО
ильичева;4;ЛАО
ильичева;5;ЛАО
ильичева;6;ЛАО
ильичева;7;ЛАО
индустриальная;1;ОАО
индустриальная;2;ОАО
индустриальная;3;ОАО
индустриальная;4;ОАО
индустриальная;5;ОАО
индустриальная;6;ОАО
институтская;2;САО
институтская;4;САО
институтская;5;САО
интернациональная;15;ЦАО
интернациональная;35;ЦАО
ипподромная;12;ОАО
ипподромная;14;ОАО
иркутская;1;ЦАО
иркутская;3;ЦАО
иркутская;5;ЦАО
иркутская;66;ЦАО
иркутская;68;ЦАО
иркутская;70;ЦАО
иркутская;72;ЦАО
иркутская;74;ЦАО
иртышская набережная;11;ЦАО
иртышская набережная;12;ЦАО
иртышская набережная;13;ЦАО
иртышская набережная;14;ЦАО
иртышская набережная;15;ЦАО
иртышская набережная;17;ЦАО
иртышская набережная;18;ЦАО
иртышская набережная;19;ЦАО
иртышская набережная;20;ЦАО
иртышская набережная;21;ЦАО
иртышская набережная;22;ЦАО
иртышская набережная;23;ЦАО
иртышская набережная;24;ЦАО
иртышская набережная;25;ЦАО
иртышская набережная;26;ЦАО
иртышская набережная;27;ЦАО
иртышская набережная;28;ЦАО
иртышская набережная;29;ЦАО
иртышская набережная;31;ЛАО
иртышская набережная;32;ЛАО
иртышская набережная;33;ЛАО
иртышская набережная;34;ЛАО
иртышская набережная;35;ЛАО
иртышская набережная;36;ЛАО
иртышская набережная;37;ЛАО
иртышская набережная;38;ЛАО
иртышская набережная;39;ЛАО
иртышская набережная;40;ЛАО
иртышская набережная;41;ЛАО
иртышская набережная;42;ЛАО
иртышская набережная;43;ЛАО
иртышская набережная;44;ЛАО
иртышская набережная;45;ЛАО
иртышская набережная;46;ЛАО
иртышская набережная;48;ЛАО
иртышская набережная;9;ЦАО
калинина;10;ЛАО
калинина;11;ЛАО
калинина;12;ЛАО
калинина;13;ЛАО
калинина;2;ЛАО
калинина;4;ЛАО
калинина;6;ЛАО
калинина;8;ЛАО
калюжина;20;ЛАО
калюжина;25;ЛАО
калюжина;26;ЛАО
калюжина;30;ЛАО
калюжина;32;ЛАО
калюжина;34;ЛАО
калюжина;36;ЛАО
калюжина;38;ЛАО
калюжина;43;ЛАО
камерный;1;ОАО
камерный;10;ОАО
камерный;11;ОАО
камерный;13;ОАО
камерный;14;ОАО
камерный;15;ОАО
камерный;16;ОАО
камерный;17;ОАО
камерный;2;ОАО
камерный;3;ОАО
камерный;36;ОАО
камерный;38;ОАО
камерный;4;ОАО
камерный;40;ОАО
камерный;42;ОАО
камерный;44;ОАО
камерный;46;ОАО
камерный;48;ОАО
камерный;49;ОАО
камерный;5;ОАО
камерный;50;ОАО
камерный;51;ОАО
камерный;52;ОАО
камерный;54;ОАО
камерный;6;ОАО
камерный;7;ОАО
камерный;8;ОАО
карбышева;10;ЛАО
карбышева;14;ЛАО
карбышева;15;ЛАО
карбышева;16;ЛАО
карбышева;17;ЛАО
карбышева;18;ЛАО
карбышева;20;ЛАО
карбышева;23;ЛАО
карбышева;24;ЛАО
карбышева;25;ЛАО
карбышева;26;ЛАО
карбышева;27;ЛАО
карбышева;28;ЛАО
карбышева;3;ЛАО
карбышева;38;ЛАО
карбышева;40;ЛАО
карбышева;42;ЛАО
карбышева;6;ЛАО
карбышева;8;ЛАО
карбышева;9;ЛАО
карело-финская;23;ЛАО
карело-финская;45;ЛАО
карело-финская;47;ЛАО
карело-финская;49;ЛАО
карла либкнехта;26;ЦАО
карла маркса;10;ЦАО
карла маркса;12;ЦАО
карла маркса;14;ЦАО
карла маркса;16;ЦАО
карла маркса;17;ЦАО
карла маркса;20;ЦАО
карла маркса;22;ЦАО
карла маркса;26;ЦАО
карла маркса;29;ЦАО
карла маркса;30;ЦАО
карла маркса;31;ЦАО
карла маркса;33;ЦАО
карла маркса;34;ЦАО
карла маркса;36;ЦАО
карла маркса;37;ЦАО
карла маркса;38;ЛАО
карла маркса;42;ЛАО
карла маркса;43;ЦАО
карла маркса;44;ЛАО
карла маркса;45;ЛАО
карла маркса;46;ЛАО
карла маркса;47;ЛАО
карла маркса;48;ЛАО
карла маркса;49;ЛАО
карла маркса;5;ЦАО
карла маркса;50;ЛАО
карла маркса;52;ЛАО
карла маркса;54;ЛАО
карла маркса;55;ЛАО
карла маркса;57;ЛАО
карла маркса;59;ЛАО
карла маркса;6;ЦАО
карла маркса;60;ЛАО
карла маркса;61;ЛАО
карла маркса;64;ЛАО
карла маркса;66;ЛАО
карла маркса;67;ЛАО
карла маркса;68;ЛАО
карла маркса;69;ЛАО
карла маркса;71;ЛАО
карла маркса;72;ЛАО
карла маркса;73;ЛАО
карла маркса;75;ЛАО
карла маркса;77;ЛАО
карла маркса;79;ЛАО
карла маркса;8;ЦАО
карла маркса;80;ЛАО
карла маркса;81;ЛАО
карла маркса;82;ЛАО
карла маркса;83;ЛАО
карла маркса;84;ЛАО
карла маркса;85;ЛАО
карла маркса;87;ЛАО
карла маркса;89;ЛАО
карла маркса;9;ЦАО
карлова;56;ЛАО
карлова;85;ЛАО
карлова;89;ЛАО
кемеровская;11;ЦАО
кемеровская;134;ЦАО
кемеровская;135;ЦАО
кемеровская;136;ЦАО
кемеровская;17;ЦАО
кемеровская;2;ЦАО
кемеровская;20;ЦАО
кемеровская;22;ЦАО
кемеровская;24;ЦАО
кемеровская;26;ЦАО
кемеровская;4;ЦАО
кемеровская;6;ЦАО
кемеровская;78;ЦАО
кемеровская;8;ЦАО
кемеровская;98;ЦАО
киевская;2;ЛАО
киевская;4;ЛАО
киевская;8;ЛАО
кизюрина;10;САО
кизюрина;11;САО
кизюрина;13;САО
кизюрина;15;САО
кизюрина;2;САО
кизюрина;3;САО
кизюрина;5;САО
кизюрина;6;САО
кизюрина;7;САО
кизюрина;8;САО
кизюрина;9;САО
кирова;51;ОАО
кольцевая 2-я;3;САО
кольцевая 8-я;11;ЦАО
кольцевая 8-я;13;ЦАО
кольцевая 8-я;15;ЦАО
комарова;1;КАО
комарова;11;КАО
комарова;14;КАО
комарова;16;КАО
комарова;17;КАО
комарова;22;КАО
комарова;23;КАО
комарова;25;КАО
комарова;27;КАО
комарова;29;КАО
комарова;3;КАО
комарова;31;КАО
комарова;5;КАО
комарова;9;КАО
комбинатская;10;САО
комбинатская;3;САО
комбинатская;4;САО
комбинатская;46;САО
комбинатская;5;САО
комбинатская;6;САО
комбинатская;7;САО
комбинатская;8;САО
комбинатская;9;САО
комбинатский;1;САО
комбинатский;12;САО
комбинатский;13;САО
комбинатский;14;САО
комбинатский;15;САО
комбинатский;17;САО
комбинатский;19;САО
комбинатский;21;САО
комбинатский;23;САО
комбинатский;3;САО
комбинатский;4;САО
комбинатский;5;САО
комбинатский;7;САО
комбинатский;8;САО
комбинатский;9;САО
комиссаровская;18;ЦАО
комиссаровская;2;ЦАО
комкова;1;КАО
комкова;2;КАО
комкова;3;КАО
комкова;4;КАО
комкова;5;КАО
комкова;6;КАО
комкова;7;КАО
комкова;8;КАО
коммунальная;1;САО
коммунальная;11;САО
коммунальная;13;САО
коммунальная;15;САО
коммунальная;17;САО
коммунальная;19;САО
коммунальная;21;САО
коммунальная;23;САО
коммунальная;25;САО
коммунальная;3;САО
коммунальная;5;САО
коммунальная;7;САО
коммунальная;9;САО
конева;10;КАО
конева;12;КАО
конева;14;КАО
конева;20;КАО
конева;22;КАО
конева;24;КАО
конева;26;КАО
конева;28;КАО
конева;30;КАО
конева;32;КАО
конева;34;КАО
конева;36;КАО
конева;40;КАО
конева;44;КАО
конева;6;КАО
конева;8;КАО
кордная 3-я;10;ОАО
кордная 3-я;12;ОАО
кордная 3-я;14;ОАО
кордная 3-я;16;ОАО
кордная 3-я;18;ОАО
кордная 3-я;20;ОАО
кордная 3-я;22;ОАО
кордная 3-я;23;ОАО
кордная 3-я;24;ОАО
кордная 4-я;44;ОАО
кордная 4-я;45;ОАО
кордная 4-я;48;ОАО
кордная 4-я;52;ОАО
кордная 4-я;54;ОАО
кордная 4-я;55;ОАО
кордная 4-я;56;ОАО
кордная 4-я;58;ОАО
кордная 4-я;62;ОАО
кордная 5-я;10;ОАО
кордная 5-я;11;ОАО
кордная 5-я;12;ОАО
кордная 5-я;13;ОАО
кордная 5-я;14;ОАО
кордная 5-я;15;ОАО
кордная 5-я;16;ОАО
кордная 5-я;17;ОАО
кордная 5-я;19;ОАО
кордная 5-я;20;ОАО
кордная 5-я;21;ОАО
кордная 5-я;23;ОАО
кордная 5-я;24;ОАО
кордная 5-я;25;ОАО
кордная 5-я;26;ОАО
кордная 5-я;27;ОАО
кордная 5-я;28;ОАО
кордная 5-я;47;ОАО
кордная 5-я;49;ОАО
кордная 5-я;51;ОАО
кордная 5-я;53;ОАО
кордная 5-я;55;ОАО
кордная 5-я;57;ОАО
кордная 5-я;59;ОАО
кордная 5-я;6;ОАО
кордная 5-я;61;ОАО
кордная 5-я;62;ОАО
кордная 5-я;63;ОАО
кордная 5-я;65;ОАО
кордная 5-я;67;ОАО
кордная 5-я;69;ОАО
кордная 5-я;71;ОАО
кордная 5-я;8;ОАО
кордная 5-я;9;ОАО
королева;10;САО
королева;12;САО
королева;14;САО
королева;16;САО
королева;2;САО
королева;24;САО
королева;3;САО
королева;4;САО
королева;6;САО
королева;8;САО
короленко;2;ЦАО
косарева;34;ЦАО
космический;1;ОАО
космический;10;ОАО
космический;101;ОАО
космический;103;ОАО
космический;105;ОАО
космический;109;ОАО
космический;11;ОАО
космический;111;ОАО
космический;12;ОАО
космический;14;ОАО
космический;16;ОАО
космический;17;ОАО
космический;18;ОАО
космический;19;ОАО
космический;2;ОАО
космический;20;ОАО
космический;21;ОАО
космический;22;ОАО
космический;23;ОАО
космический;25;ОАО
космический;26;ОАО
космический;27;ОАО
космический;28;ОАО
космический;29;ОАО
космический;3;ОАО
космический;30;ОАО
космический;31;ОАО
космический;32;ОАО
космический;33;ОАО
космический;35;ОАО
космический;37;ОАО
космический;39;ОАО
космический;4;ОАО
космический;41;ОАО
космический;43;ОАО
космический;45;ОАО
космический;47;ОАО
космический;49;ОАО
космический;5;ОАО
космический;51;ОАО
космический;53;ОАО
космический;55;ОАО
космический;57;ОАО
космический;59;ОАО
космический;6;ОАО
космический;61;ОАО
космический;63;ОАО
космический;65;ОАО
космический;67;ОАО
космический;69;ОАО
космический;7;ОАО
космический;71;ОАО
космический;75;ОАО
космический;77;ОАО
космический;81;ОАО
космический;83;ОАО
космический;85;ОАО
космический;87;ОАО
космический;89;ОАО
космический;9;ОАО
космический;91;ОАО
космический;93;ОАО
космический;95;ОАО
космический;97;ОАО
котельникова;10;ЛАО
котельникова;12;ЛАО
котельникова;2;ЛАО
котельникова;4;ЛАО
котельникова;6;ЛАО
котельникова;7;ЛАО
котельникова;8;ЛАО
котельный;3;САО
котельный;5;САО
котовского;10;ЛАО
котовского;12;ЛАО
котовского;14;ЛАО
котовского;16;ЛАО
котовского;22;ЛАО
котовского;6;ЛАО
котовского;8;ЛАО
крайняя 2-я;1;САО
крайняя 2-я;10;САО
крайняя 2-я;3;САО
крайняя 2-я;4;САО
крайняя 2-я;5;САО
крайняя 2-я;7;САО
крайняя 2-я;8;САО
крайняя 2-я;9;САО
крайняя 3-я;12;САО
крайняя 3-я;16;САО
крайняя 3-я;18;САО
крайняя 4-я;10;САО
крайняя 4-я;2;САО
крайняя 4-я;36;САО
крайняя 4-я;4;САО
крайняя 4-я;40;САО
крайняя 5-я;10;САО
крайняя 5-я;12;САО
крайняя 5-я;14;САО
красина;1;ЦАО
красина;2;ЦАО
красина;4;ЦАО
красная звезда;10;ЛАО
красная звезда;11;ЛАО
красная звезда;15;ЛАО
красная звезда;20;ЛАО
красная звезда;22;ЛАО
красная звезда;23;ЛАО
красная звезда;27;ЛАО
красная звезда;28;ЛАО
красная звезда;29;ЛАО
красная звезда;32;ЛАО
красная звезда;33;ЛАО
красная звезда;34;ЛАО
красная звезда;36;ЛАО
красная звезда;45;ЛАО
красная звезда;49;ЛАО
красная звезда;52;ЛАО
красная звезда;54;ЛАО
красногвардейская;34;ЦАО
красногвардейская;43;ЦАО
красногвардейская;59;ЦАО
краснофлотская;23;ЦАО
красноярская;22;ЦАО
красноярская;24;ЦАО
красноярская;65;ЦАО
красноярская;67;ЦАО
красный;1;ЛАО
красный;3;ЛАО
красный пахарь;99;ЦАО
красный путь;10;ЦАО
красный путь;101;САО
красный путь;103;САО
красный путь;105;САО
красный путь;12;ЦАО
красный путь;127;САО
красный путь;129;САО
красный путь;131;САО
красный путь;133;САО
красный путь;135;САО
красный путь;137;САО
красный путь;139;САО
красный путь;141;САО
красный путь;143;САО
красный путь;145;САО
красный путь;147;САО
красный путь;149;САО
красный путь;151;САО
красный путь;153;САО
красный путь;18;ЦАО
красный путь;20;ЦАО
красный путь;22;ЦАО
красный путь;26;ЦАО
красный путь;28;ЦАО
красный путь;30;САО
красный путь;34;ЦАО
красный путь;36;ЦАО
красный путь;57;ЦАО
красный путь;61;ЦАО
красный путь;65;ЦАО
красный путь;67;ЦАО
красный путь;69;ЦАО
красный путь;70;САО
красный путь;72;САО
красный путь;74;САО
красный путь;78;САО
красный путь;79;ЦАО
красный путь;8;ЦАО
красный путь;80;САО
красный путь;81;ЦАО
красный путь;82;САО
красных зорь;106;ЦАО
красных зорь;108;ЦАО
красных зорь;111;ЦАО
красных зорь;12;ЦАО
красных зорь;145;ЦАО
красных зорь;147;ЦАО
красных зорь;148;ЦАО
красных зорь;150;ЦАО
красных зорь;16;ЦАО
красных зорь;183;ЦАО
красных зорь;23;ЦАО
красных зорь;30;ЦАО
красных зорь;31;ЦАО
красных зорь;32;ЦАО
красных зорь;41;ЦАО
красных зорь;53;ЦАО
красных зорь;54;ЦАО
красных зорь;55;ЦАО
красных зорь;56;ЦАО
красных зорь;57;ЦАО
красных зорь;61;ЦАО
красных зорь;74;ЦАО
красных зорь;83;ЦАО
кропоткина;64;ЛАО
кропоткина;69;ЛАО
кропоткина;71;ЛАО
круговая;10;САО
круговая;12;САО
круговая;14;САО
круговая;16;САО
круговая;17;САО
круговая;18;САО
круговая;2;САО
круговая;22;САО
круговая;23;САО
круговая;24;САО
круговая;28;САО
круговая;30;САО
круговая;32;САО
круговая;34;САО
круговая;36;САО
круговая;38;САО
круговая;4;САО
круговая;40;САО
круговая;42;САО
круговая;46;САО
круговая;48;САО
круговая;50;САО
круговая;52;САО
круговая;6;САО
круговая;8;САО
круговой 1-й;1;САО
круговой 1-й;10;САО
круговой 1-й;11;САО
круговой 1-й;13;САО
круговой 1-й;15;САО
круговой 1-й;17;САО
круговой 1-й;19;САО
круговой 1-й;2;САО
круговой 1-й;21;САО
круговой 1-й;3;САО
круговой 1-й;5;САО
круговой 1-й;6;САО
круговой 1-й;7;САО
круговой 1-й;9;САО
круговой 2-й;10;САО
круговой 2-й;11;САО
круговой 2-й;12;САО
круговой 2-й;13;САО
круговой 2-й;14;САО
круговой 2-й;16;САО
круговой 2-й;18;САО
круговой 2-й;4;САО
круговой 2-й;7;САО
круговой 2-й;8;САО
круговой 2-й;9;САО
круговой 3-й;10;САО
круговой 3-й;2;САО
круговой 3-й;3;САО
круговой 3-й;4;САО
круговой 3-й;5;САО
круговой 3-й;6;САО
круговой 3-й;7;САО
круговой 3-й;8;САО
круговой 3-й;9;САО
круговой 4-й;10;САО
круговой 4-й;2;САО
круговой 4-й;3;САО
круговой 4-й;4;САО
круговой 4-й;5;САО
круговой 4-й;6;САО
круговой 4-й;7;САО
круговой 4-й;8;САО
круговой 5-й;10;САО
круговой 5-й;11;САО
круговой 5-й;12;САО
круговой 5-й;13;САО
круговой 5-й;15;САО
круговой 5-й;3;САО
круговой 5-й;5;САО
круговой 5-й;6;САО
круговой 5-й;7;САО
круговой 5-й;8;САО
круговой 5-й;9;САО
крупской;1;КАО
крупской;13;КАО
крупской;14;КАО
крупской;17;КАО
крупской;19;КАО
крупской;23;КАО
крупской;25;КАО
крупской;27;КАО
крупской;3;КАО
крупской;34;КАО
крупской;36;КАО
крупской;38;КАО
крупской;5;КАО
крупской;7;КАО
крупской;9;КАО
крутой яр;10;САО
крутой яр;3;САО
крутой яр;5;САО
крутой яр;6;САО
крутой яр;7;САО
крутой яр;8;САО
крымская;103;ЛАО
крымская;70;ЛАО
крымская;72;ЛАО
крымская;74;ЛАО
крымская;78;ЛАО
крымская;80;ЛАО
крымская;97;ЛАО
кузнецова;10;ОАО
кузнецова;12;ОАО
кузнецова;2;ОАО
кузнецова;3;ОАО
кузнецова;4;ОАО
кузнецова;6;ОАО
куйбышева;10;ЦАО
куйбышева;113;ОАО
куйбышева;116;ЦАО
куйбышева;119;ОАО
куйбышева;131;ОАО
куйбышева;131;ЦАО
куйбышева;134;ЦАО
куйбышева;136;ЦАО
куйбышева;138;ЦАО
куйбышева;140;ЦАО
куйбышева;142;ЦАО
куйбышева;144;ЦАО
куйбышева;150;ЦАО
куйбышева;27;ЦАО
куйбышева;31;ЦАО
куйбышева;54;ЦАО
куйбышева;56;ЦАО
куйбышева;62;ЦАО
куйбышева;81;ОАО
культуры;1;САО
культуры;11;САО
культуры;13;САО
культуры;14;САО
культуры;17;САО
культуры;19;САО
культуры;2;САО
культуры;20;САО
культуры;3;САО
культуры;4;САО
культуры;5;САО
культуры;6;САО
кучерявенко;10;ЛАО
кучерявенко;3;ЛАО
кучерявенко;5;ЛАО
кучерявенко;7;ЛАО
кучерявенко;8;ЛАО
лагоды;13;ЛАО
лагоды;15;ЛАО
лагоды;16;ЛАО
лагоды;17;ЛАО
лагоды;18;ЛАО
лагоды;19;ЛАО
лагоды;21;ЛАО
лагоды;24;ЛАО
лагоды;26;ЛАО
лагоды;28;ЛАО
лагоды;30;ЛАО
лагоды;32;ЛАО
лагоды;34;ЛАО
лагоды;36;ЛАО
лагоды;38;ЛАО
лазо;155;ОАО
лазо;18;ОАО
лаптева;1;САО
лаптева;2;САО
лаптева;3;САО
лаптева;4;САО
лаптева;5;САО
лаптева;6;САО
латвийская;46;ЛАО
латвийская;48;ЛАО
латвийская;50;ЛАО
латвийская;52;ЛАО
латвийская;73;ЛАО
латвийская;75;ЛАО
латвийская;77;ЛАО
ледорезная 1-я;11;САО
ледорезная 1-я;13;САО
ледорезная 1-я;14;САО
ледорезная 1-я;16;САО
ледорезная 1-я;18;САО
ледорезная 1-я;20;САО
ледорезная 1-я;7;САО
ледорезная 1-я;9;САО
ледорезная 2-я;10;САО
ледорезная 2-я;11;САО
ледорезная 2-я;14;САО
ледорезная 2-я;15;САО
ледорезная 2-я;16;САО
ледорезная 2-я;17;САО
ледорезная 2-я;19;САО
ледорезная 2-я;21;САО
ледорезная 2-я;22;САО
ледорезная 2-я;8;САО
ледорезная 3-я;17;САО
ледорезная 3-я;23;САО
ледорезная 3-я;25;САО
ледорезная 3-я;27;САО
ледорезная 3-я;3;САО
ледорезная 3-я;5;САО
ледорезная 3-я;7;САО
ледорезная 3-я;9;САО
леконта;6;ЛАО
ленина;24;ЦАО
ленина;28;ЦАО
ленина;30;ЦАО
ленина;31;ЦАО
ленина;33;ЦАО
ленина;40;ЦАО
ленина;41;ЦАО
ленина;43;ЦАО
ленина;47;ЦАО
ленина;50;ЦАО
ленина;51;ЦАО
ленина;53;ЦАО
ленина;6;ЦАО
ленина;8;ЦАО
ленинградская;1;ЦАО
ленинградская;2;ЦАО
ленинградская;3;ЦАО
ленинградская;6;ЦАО
ленинская 10-я;4;ЛАО
ленинская 9-я;1;ЛАО
ленинская 9-я;3;ЛАО
ленинская 9-я;5;ЛАО
лермонтова;127;ЦАО
лермонтова;128;ЦАО
лермонтова;130;ЦАО
лермонтова;132;ЦАО
лермонтова;134;ЦАО
лермонтова;136;ЦАО
лермонтова;138;ЦАО
лермонтова;149;ЦАО
лермонтова;155;ЦАО
лермонтова;161;ЦАО
лермонтова;163;ЦАО
лермонтова;165;ЦАО
лермонтова;167;ЦАО
лермонтова;173;ЦАО
лермонтова;20;ЦАО
лермонтова;24;ЦАО
лермонтова;32;ЦАО
лермонтова;4;ЦАО
лермонтова;57;ЦАО
лизы чайкиной;19;ОАО
лисицкого;3;КАО
лисицкого;5;КАО
лисицкого;9;КАО
лобкова;20;ЛАО
лобкова;22;ЛАО
лобкова;3;ЛАО
лобкова;4;ЛАО
ломоносова 1-я;17;ЛАО
ломоносова 1-я;19;ЛАО
ломоносова 2-я;1;ЛАО
ломоносова 2-я;9;ЛАО
лукашевича;1;КАО
лукашевича;10;КАО
лукашевича;11;КАО
лукашевича;12;КАО
лукашевича;13;КАО
лукашевича;14;КАО
лукашевича;15;КАО
лукашевича;17;КАО
лукашевича;19;КАО
лукашевича;2;КАО
лукашевича;21;КАО
лукашевича;23;КАО
лукашевича;25;КАО
лукашевича;27;КАО
лукашевича;29;КАО
лукашевича;3;КАО
лукашевича;5;КАО
лукашевича;6;КАО
лукашевича;7;КАО
лукашевича;8;КАО
лукашевича;9;КАО
любинская 2-я;11;КАО
любинская 2-я;13;КАО
любинская 2-я;2;КАО
любинская 2-я;4;КАО
любинская 2-я;7;КАО
любинская 2-я;9;КАО
любинская 3-я;11;КАО
любинская 3-я;13;КАО
любинская 3-я;15;КАО
любинская 3-я;17;КАО
любинская 3-я;19;КАО
любинская 3-я;21;КАО
любинская 3-я;22;КАО
любинская 3-я;23;КАО
любинская 3-я;24;КАО
любинская 3-я;26;КАО
любинская 3-я;28;КАО
любинская 3-я;3;КАО
любинская 3-я;30;КАО
любинская 3-я;5;КАО
любинская 3-я;7;КАО
любинская 4-я;31;КАО
любинская 4-я;34;КАО
любинская 4-я;35;КАО
любинская 4-я;36;КАО
любинская 4-я;38;КАО
любинская 4-я;40;КАО
любинская 4-я;42;КАО
любинская 4-я;46;КАО
м а булгакова;1;САО
м а булгакова;2;САО
м а булгакова;3;САО
м а булгакова;4;САО
м а булгакова;6;САО
м м кузьмина;1;КАО
м м кузьмина;11;КАО
м м кузьмина;21;КАО
м м кузьмина;23;КАО
м м кузьмина;27;КАО
м м кузьмина;3;КАО
м м кузьмина;5;КАО
м м кузьмина;7;КАО
м м кузьмина;9;КАО
магистральная;11;САО
магистральная;13;САО
магистральная;15;САО
магистральная;17;САО
магистральная;18;САО
магистральная;19;САО
магистральная;2;САО
магистральная;21;САО
магистральная;23;САО
магистральная;24;САО
магистральная;25;САО
магистральная;26;САО
магистральная;27;САО
магистральная;28;САО
магистральная;3;САО
магистральная;30;САО
магистральная;36;САО
магистральная;38;САО
магистральная;40;САО
магистральная;42;САО
магистральная;44;САО
магистральная;47;САО
магистральная;48;САО
магистральная;49;САО
магистральная;5;САО
магистральная;52;САО
магистральная;53;САО
магистральная;54;САО
магистральная;55;САО
магистральная;56;САО
магистральная;58;САО
магистральная;59;САО
магистральная;6;САО
магистральная;60;САО
магистральная;61;САО
магистральная;63;САО
магистральная;65;САО
магистральная;66;САО
магистральная;67;САО
магистральная;68;САО
магистральная;69;САО
магистральная;7;САО
магистральная;70;САО
магистральная;74;САО
магистральная;76;САО
магистральная;81;САО
магистральная;82;САО
магистральная;9;САО
малая ивановская;1;САО
малая ивановская;53;САО
малая ивановская;60;САО
малиновского;10;САО
малиновского;11;САО
малиновского;12;САО
малиновского;13;САО
малиновского;14;САО
малиновского;15;САО
малиновского;17;САО
малиновского;18;САО
малиновского;19;САО
малиновского;6;САО
малиновского;7;САО
малиновского;8;САО
малиновского;9;САО
малунцева;1;САО
малунцева;10;САО
малунцева;11;САО
малунцева;12;САО
малунцева;13;САО
малунцева;15;САО
малунцева;16;САО
малунцева;17;САО
малунцева;18;САО
малунцева;19;САО
малунцева;2;САО
малунцева;21;САО
малунцева;22;САО
малунцева;23;САО
малунцева;24;САО
малунцева;25;САО
малунцева;26;САО
малунцева;28;САО
малунцева;3;САО
малунцева;30;САО
малунцева;4;САО
малунцева;5;САО
малунцева;6;САО
малунцева;7;САО
малунцева;8;САО
малунцева;9;САО
мамина-сибиряка;15;САО
мамина-сибиряка;22;САО
мамина-сибиряка;23;САО
мамина-сибиряка;24;САО
мамина-сибиряка;26;САО
мамина-сибиряка;27;САО
мамина-сибиряка;28;САО
мамина-сибиряка;3;САО
мамина-сибиряка;9;САО
мануильского;1;ЛАО
мануильского;27;ЛАО
мануильского;29;ЛАО
мануильского;32;ЛАО
мануильского;34;ЛАО
мануильского;61;ЛАО
мануильского;63;ЛАО
мануильского;65;ЛАО
мануильского;67;ЛАО
мануильского;69;ЛАО
мануильского;70;ЛАО
мануильского;71;ЛАО
мануильского;73;ЛАО
мануильского;75;ЛАО
мануильского;77;ЛАО
мануильского;79;ЛАО
мануильского;81;ЛАО
мануильского;85;ЛАО
мануильского;87;ЛАО
маркова;2;ЛАО
маркова;4;ЛАО
маркова;6;ЛАО
мартынова;5;ЦАО
марченко;11;ЛАО
марченко;3;ЛАО
марченко;9;ЛАО
маршала жукова;101;ЦАО
маршала жукова;105;ЦАО
маршала жукова;107;ЦАО
маршала жукова;144;ЦАО
маршала жукова;146;ЦАО
маршала жукова;148;ЦАО
маршала жукова;150;ЦАО
маршала жукова;152;ЦАО
маршала жукова;6;ЦАО
маршала жукова;7;ЦАО
маршала жукова;73;ЦАО
маршала жукова;76;ЦАО
маршала жукова;77;ЦАО
маршала жукова;78;ЦАО
маршала жукова;89;ЦАО
маршала жукова;91;ЦАО
масленникова;15;ЦАО
масленникова;165;ОАО
масленникова;167;ОАО
масленникова;169;ОАО
масленникова;17;ОАО
масленникова;173;ОАО
масленникова;175;ОАО
масленникова;177;ОАО
масленникова;179;ОАО
масленникова;181;ОАО
масленникова;183;ОАО
масленникова;185;ОАО
масленникова;203;ОАО
масленникова;205;ОАО
масленникова;207;ОАО
масленникова;209;ОАО
масленникова;21;ОАО
масленникова;21;ЦАО
масленникова;211;ОАО
масленникова;213;ОАО
масленникова;215;ОАО
масленникова;217;ОАО
масленникова;221;ОАО
масленникова;225;ОАО
масленникова;227;ОАО
масленникова;229;ОАО
масленникова;23;ОАО
масленникова;23;ЦАО
масленникова;235;ОАО
масленникова;237;ОАО
масленникова;239;ОАО
масленникова;241;ОАО
масленникова;25;ОАО
масленникова;26;ЦАО
масленникова;39;ОАО
масленникова;41;ОАО
масленникова;45;ОАО
масленникова;58;ЦАО
масленникова;60;ЦАО
масленникова;62;ЦАО
масленникова;64;ЦАО
масленникова;66;ОАО
масленникова;72;ОАО
масленникова;76;ОАО
масленникова;82;ОАО
масленникова;9;ЦАО
маяковского;11;ЦАО
маяковского;13;ЦАО
маяковского;15;ЦАО
маяковского;16;ЦАО
маяковского;17;ЦАО
маяковского;19;ЦАО
маяковского;21;ЦАО
маяковского;23;ЦАО
маяковского;44;ЦАО
маяковского;46;ЦАО
маяковского;48;ЦАО
маяковского;50;ЦАО
маяковского;85;ОАО
маяковского;87;ОАО
маяковского;97;ОАО
маяковского;99;ОАО
менделеева;1;САО
менделеева;10;САО
менделеева;12;САО
менделеева;14;САО
менделеева;16;САО
менделеева;17;САО
менделеева;19;САО
менделеева;2;САО
менделеева;21;САО
менделеева;23;САО
менделеева;24;САО
менделеева;25;САО
менделеева;26;САО
менделеева;27;САО
менделеева;28;САО
менделеева;29;САО
менделеева;3;САО
менделеева;30;САО
менделеева;31;САО
менделеева;32;САО
менделеева;33;САО
менделеева;34;САО
менделеева;36;САО
менделеева;37;САО
менделеева;38;САО
менделеева;39;САО
менделеева;4;САО
менделеева;41;САО
менделеева;43;САО
менделеева;44;САО
менделеева;45;САО
менделеева;5;САО
менделеева;6;САО
менделеева;8;САО
мира;10;САО
мира;100;САО
мира;102;САО
мира;104;САО
мира;106;САО
мира;108;САО
мира;12;САО
мира;131;САО
мира;14;САО
мира;157;САО
мира;159;САО
мира;16;САО
мира;161;САО
мира;163;САО
мира;165;САО
мира;167;САО
мира;169;САО
мира;17;САО
мира;171;САО
мира;173;САО
мира;18;САО
мира;2;САО
мира;20;САО
мира;21;САО
мира;22;САО
мира;23;САО
мира;24;САО
мира;25;САО
мира;26;САО
мира;27;САО
мира;28;САО
мира;29;САО
мира;30;САО
мира;32;САО
мира;33;САО
мира;34;САО
мира;35;САО
мира;36;САО
мира;37;САО
мира;38;САО
мира;40;САО
мира;41;САО
мира;42;САО
мира;43;САО
мира;44;САО
мира;45;САО
мира;46;САО
мира;47;САО
мира;48;САО
мира;49;САО
мира;50;САО
мира;51;САО
мира;52;САО
мира;53;САО
мира;54;САО
мира;55;САО
мира;56;САО
мира;57;САО
мира;6;САО
мира;60;САО
мира;61;САО
мира;62;САО
мира;63;САО
мира;64;САО
мира;65;САО
мира;66;САО
мира;67;САО
мира;68;САО
мира;70;САО
мира;72;САО
мира;76;САО
мира;78;САО
мира;8;САО
мира;82;САО
мира;84;САО
мира;86;САО
мира;88;САО
мира;9;САО
мира;90;САО
мира;92;САО
мира;96;САО
мира;98;САО
молодежная 3-я;62;ОАО
молодежная 3-я;63;ОАО
молодежная 3-я;65;ОАО
молодежная 3-я;69;ОАО
молодежная 3-я;71;ОАО
молодежная 3-я;73;ОАО
молодежная 3-я;75;ОАО
молодежная 3-я;77;ОАО
молодежная 3-я;81;ОАО
мостоотряд;63;КАО
нахимова;9;ЦАО
некрасовская;56;ЛАО
некрасовская;61;ЛАО
некрасовская;62;ЛАО
некрасовская;64;ЛАО
нефтезаводская;1;САО
нефтезаводская;10;САО
нефтезаводская;12;САО
нефтезаводская;13;САО
нефтезаводская;15;САО
нефтезаводская;16;САО
нефтезаводская;17;САО
нефтезаводская;18;САО
нефтезаводская;19;САО
нефтезаводская;21;САО
нефтезаводская;22;САО
нефтезаводская;23;САО
нефтезаводская;24;САО
нефтезаводская;25;САО
нефтезаводская;26;САО
нефтезаводская;27;САО
нефтезаводская;28;САО
нефтезаводская;29;САО
нефтезаводская;3;САО
нефтезаводская;30;САО
нефтезаводская;31;САО
нефтезаводская;32;САО
нефтезаводская;33;САО
нефтезаводская;34;САО
нефтезаводская;35;САО
нефтезаводская;36;САО
нефтезаводская;37;САО
нефтезаводская;38;САО
нефтезаводская;8;САО
нефтезаводская;9;САО
никифорова;2;САО
никифорова;3;САО
никифорова;4;САО
никифорова;6;САО
новгородская;10;ЛАО
новгородская;12;ЛАО
новгородская;13;ЛАО
новгородская;14;ЛАО
новгородская;15;ЛАО
новгородская;16;ЛАО
новгородская;17;ЛАО
новгородская;18;ЛАО
новгородская;19;ЛАО
новгородская;2;ЛАО
новгородская;20;ЛАО
новгородская;21;ЛАО
новгородская;22;ЛАО
новгородская;23;ЛАО
новгородская;25;ЛАО
новгородская;4;ЛАО
новгородская;7;ЛАО
новгородская;9;ЛАО
новороссийская;1;КАО
новороссийская;3;КАО
новоселов;1;САО
новоселов;10;САО
новоселов;11;САО
новоселов;12;САО
новоселов;13;САО
новоселов;14;САО
новоселов;15;САО
новоселов;16;САО
новоселов;17;САО
новоселов;18;САО
новоселов;19;САО
новоселов;2;САО
новоселов;20;САО
новоселов;21;САО
новоселов;23;САО
новоселов;25;САО
новоселов;26;САО
новоселов;27;САО
новоселов;28;САО
новоселов;3;САО
новоселов;30;САО
новоселов;31;САО
новоселов;32;САО
новоселов;33;САО
новоселов;34;САО
новоселов;35;САО
новоселов;36;САО
новоселов;37;САО
новоселов;38;САО
новоселов;39;САО
новоселов;40;САО
новоселов;41;САО
новоселов;43;САО
новоселов;45;САО
новоселов;47;САО
новоселов;49;САО
новоселов;51;САО
новоселов;53;САО
новоселов;55;САО
новоселов;6;САО
новоселов;7;САО
новоселов;8;САО
новоселов;9;САО
новоселовский 1-й;11;САО
новоселовский 1-й;12;САО
новоселовский 1-й;13;САО
новоселовский 1-й;17;САО
новоселовский 1-й;18;САО
новоселовский 1-й;19;САО
новоселовский 1-й;2;САО
новоселовский 1-й;20;САО
новоселовский 1-й;21;САО
новоселовский 1-й;23;САО
новоселовский 1-й;25;САО
новоселовский 1-й;29;САО
новоселовский 1-й;3;САО
новоселовский 1-й;33;САО
новоселовский 1-й;35;САО
новоселовский 1-й;37;САО
новоселовский 1-й;4;САО
новоселовский 1-й;5;САО
новоселовский 1-й;6;САО
новоселовский 1-й;7;САО
новоселовский 1-й;8;САО
новоселовский 1-й;9;САО
новоселовский 2-й;11;САО
новоселовский 2-й;3;САО
новоселовский 2-й;4;САО
новоселовский 2-й;5;САО
новоселовский 2-й;7;САО
новоселовский 2-й;9;САО
новоселовский 3-й;10;САО
новоселовский 3-й;11;САО
новоселовский 3-й;12;САО
новоселовский 3-й;13;САО
новоселовский 3-й;14;САО
новоселовский 3-й;15;САО
новоселовский 3-й;16;САО
новоселовский 3-й;17;САО
новоселовский 3-й;18;САО
новоселовский 3-й;19;САО
новоселовский 3-й;20;САО
новоселовский 3-й;21;САО
новоселовский 3-й;6;САО
новоселовский 3-й;7;САО
новоселовский 3-й;8;САО
новоселовский 3-й;9;САО
новоселовский 4-й;1;САО
новоселовский 4-й;10;САО
новоселовский 4-й;11;САО
новоселовский 4-й;12;САО
новоселовский 4-й;13;САО
новоселовский 4-й;14;САО
новоселовский 4-й;15;САО
новоселовский 4-й;16;САО
новоселовский 4-й;17;САО
новоселовский 4-й;18;САО
новоселовский 4-й;19;САО
новоселовский 4-й;2;САО
новоселовский 4-й;20;САО
новоселовский 4-й;21;САО
новоселовский 4-й;22;САО
новоселовский 4-й;23;САО
новоселовский 4-й;24;САО
новоселовский 4-й;25;САО
новоселовский 4-й;27;САО
новоселовский 4-й;3;САО
новоселовский 4-й;4;САО
новоселовский 4-й;5;САО
новоселовский 4-й;6;САО
новоселовский 4-й;7;САО
новоселовский 4-й;8;САО
новоселовский 4-й;9;САО
новоселовский 5-й;10;САО
новоселовский 5-й;11;САО
новоселовский 5-й;12;САО
новоселовский 5-й;13;САО
новоселовский 5-й;14;САО
новоселовский 5-й;15;САО
новоселовский 5-й;16;САО
новоселовский 5-й;17;САО
новоселовский 5-й;18;САО
новоселовский 5-й;19;САО
новоселовский 5-й;20;САО
новоселовский 5-й;21;САО
новоселовский 5-й;22;САО
новоселовский 5-й;23;САО
новоселовский 5-й;24;САО
новоселовский 5-й;25;САО
новоселовский 5-й;26;САО
новоселовский 5-й;27;САО
новоселовский 5-й;28;САО
новоселовский 5-й;29;САО
новоселовский 5-й;3;САО
новоселовский 5-й;31;САО
новоселовский 5-й;32;САО
новоселовский 5-й;33;САО
новоселовский 5-й;34;САО
новоселовский 5-й;35;САО
новоселовский 5-й;4;САО
новоселовский 5-й;5;САО
новоселовский 5-й;6;САО
новоселовский 5-й;7;САО
новоселовский 5-й;8;САО
новоселовский 5-й;9;САО
новоселовский 6-й;10;САО
новоселовский 6-й;11;САО
новоселовский 6-й;13;САО
новоселовский 6-й;15;САО
новоселовский 6-й;17;САО
новоселовский 6-й;19;САО
новоселовский 6-й;2;САО
новоселовский 6-й;21;САО
новоселовский 6-й;23;САО
новоселовский 6-й;3;САО
новоселовский 6-й;4;САО
новоселовский 6-й;5;САО
новоселовский 6-й;6;САО
новоселовский 6-й;7;САО
новоселовский 6-й;8;САО
новоселовский 6-й;9;САО
новоселовский 7-й;1;САО
новоселовский 7-й;11;САО
новоселовский 7-й;15;САО
новоселовский 7-й;3;САО
новоселовский 7-й;5;САО
новоселовский 7-й;7;САО
новоселовский 7-й;9;САО
новоселовский 8-й;1;САО
новоселовский 8-й;10;САО
новоселовский 8-й;12;САО
новоселовский 8-й;2;САО
новоселовский 8-й;3;САО
новоселовский 8-й;4;САО
новоселовский 8-й;5;САО
новоселовский 8-й;6;САО
новоселовский 8-й;7;САО
новоселовский 8-й;8;САО
новоселовский 8-й;9;САО
новоселовский 9-й;1;САО
новоселовский 9-й;10;САО
новоселовский 9-й;12;САО
новоселовский 9-й;14;САО
новоселовский 9-й;16;САО
новоселовский 9-й;2;САО
новоселовский 9-й;3;САО
новоселовский 9-й;4;САО
новоселовский 9-й;5;САО
новоселовский 9-й;6;САО
новоселовский 9-й;7;САО
новоселовский 9-й;8;САО
новоселовский 9-й;9;САО
новостроевская 1-я;17;САО
новостроевская 1-я;2;САО
новостроевская 1-я;22;САО
новостроевская 1-я;24;САО
новостроевская 1-я;26;САО
новостроевская 1-я;28;САО
новостроевская 1-я;3;САО
новостроевская 1-я;30;САО
новостроевская 1-я;32;САО
новостроевская 1-я;33;САО
новостроевская 1-я;34;САО
новостроевская 1-я;35;САО
новостроевская 1-я;37;САО
новостроевская 1-я;48;САО
новостроевская 1-я;52;САО
новостроевская 2-я;15;САО
новостроевская 2-я;16;САО
новостроевская 2-я;17;САО
новостроевская 2-я;18;САО
новостроевская 2-я;19;САО
новостроевская 2-я;20;САО
новостроевская 2-я;22;САО
новостроевская 2-я;24;САО
новостроевская 3-я;13;САО
новостроевская 3-я;34;САО
новостроевская 3-я;36;САО
новостроевская 3-я;68;САО
новостроевская 3-я;71;САО
новостроевская 3-я;73;САО
новостроевская 3-я;83;САО
новостроевская 3-я;85;САО
новостроевская 3-я;86;САО
новостроевская 3-я;87;САО
новостроевская 3-я;90;САО
новостроевская 3-я;92;САО
новостроевская 4-я;15;САО
новостроевская 4-я;17;САО
новостроевская 4-я;19;САО
новостроевская 4-я;2;САО
новостроевская 4-я;21;САО
новостроевская 4-я;23;САО
новостроевская 4-я;3;САО
новостроевская 4-я;31;САО
новостроевская 4-я;33;САО
новостроевская 4-я;35;САО
новостроевская 4-я;37;САО
новостроевская 4-я;39;САО
новостроевская 4-я;4;САО
новостроевская 4-я;47;САО
новостроевская 4-я;49;САО
новостроевская 4-я;5;САО
новостроевская 4-я;51;САО
новостроевская 4-я;55;САО
новостроевская 4-я;6;САО
новостроевская 4-я;61;САО
новостроевская 4-я;8;САО
новостроевская 4-я;87;САО
новостроевская 4-я;91;САО
новостроевская 4-я;93;САО
оезд краснопахарский 2-й;10;ЦАО
оезд краснопахарский 2-й;3;ЦАО
оезд краснопахарский 2-й;36;ЦАО
оезд лесной;10;КАО
оезд лесной;2;КАО
оезд лесной;3;КАО
оезд лесной;4;КАО
оезд лесной;6;КАО
оезд лесной;7;КАО
оезд лесной;8;КАО
оезд спортивный;1;ЦАО
оезд спортивный;10;ЦАО
оезд спортивный;11;ЦАО
оезд спортивный;12;ЦАО
оезд спортивный;2;ЦАО
оезд спортивный;3;ЦАО
оезд спортивный;4;ЦАО
оезд спортивный;6;ЦАО
оезд спортивный;8;ЦАО
оезд тимуровский;2;ЦАО
оезд тимуровский;3;ЦАО
оезд тимуровский;4;ЦАО
оезд тимуровский;5;ЦАО
оезд тимуровский;6;ЦАО
оезд тимуровский;8;ЦАО
оезд челюскинцев 1-й;1;ЦАО
оезд челюскинцев 1-й;14;ЦАО
оезд челюскинцев 1-й;2;ЦАО
оезд челюскинцев 1-й;3;ЦАО
оезд челюскинцев 1-й;5;ЦАО
оезд челюскинцев 1-й;6;ЦАО
оезд челюскинцев 1-й;7;ЦАО
оезд челюскинцев 1-й;8;ЦАО
оезд челюскинцев 1-й;9;ЦАО
окружная;10;САО
окружная;12;САО
окружная;14;САО
окружная;16;САО
окружная;18;САО
окружная;2;САО
окружная;20;САО
окружная;22;САО
окружная;23;САО
окружная;24;САО
окружная;25;САО
окружная;26;САО
окружная;27;САО
окружная;28;САО
окружная;29;САО
окружная;31;САО
окружная;33;САО
окружная;35;САО
окружная;37;САО
окружная;39;САО
окружная;4;САО
окружная;6;САО
окружная;8;САО
окружной 1-й;1;САО
окружной 1-й;10;САО
окружной 1-й;11;САО
окружной 1-й;12;САО
окружной 1-й;13;САО
окружной 1-й;14;САО
окружной 1-й;15;САО
окружной 1-й;16;САО
окружной 1-й;17;САО
окружной 1-й;18;САО
окружной 1-й;19;САО
окружной 1-й;20;САО
окружной 1-й;21;САО
окружной 1-й;23;САО
окружной 1-й;25;САО
окружной 1-й;3;САО
окружной 1-й;4;САО
окружной 1-й;5;САО
окружной 1-й;6;САО
окружной 1-й;7;САО
окружной 1-й;8;САО
окружной 1-й;9;САО
окружной 2-й;11;САО
окружной 2-й;15;САО
окружной 2-й;21;САО
окружной 2-й;3;САО
окружной 2-й;9;САО
октябрьская;11;ЦАО
октябрьская;206;ЦАО
октябрьская;3;ЦАО
октябрьская;35;ЦАО
октябрьская;75;ЦАО
октябрьская;77;ЦАО
октябрьская;79;ЦАО
октябрьская;9;ЦАО
октябрьская;98;ЦАО
олимпийская;1;ОАО
олимпийская;2;ОАО
олимпийская;3;ОАО
олимпийская;4;ОАО
олимпийская;5;ОАО
олимпийская;6;ОАО
олимпийская;7;ОАО
омская;108;ЦАО
омская;109;ЦАО
омская;110;ЦАО
омская;112;ЦАО
омская;113;ЦАО
омская;114;ЦАО
омская;116;ЦАО
омская;118;ЦАО
омская;119;ЦАО
омская;121;ЦАО
омская;123;ЦАО
омская;127;ЦАО
омская;132;ЦАО
омская;134;ЦАО
омская;136;ЦАО
омская;149;ЦАО
омская;152;ЦАО
омская;154;ЦАО
омская;156;ЦАО
омская;158;ЦАО
омская;160;ЦАО
омская;162;ЦАО
омская;193;ЦАО
омская;209;ЦАО
омская;225;ЦАО
омская;77;ЦАО
орджоникидзе;118;ЦАО
орджоникидзе;12;ЦАО
орджоникидзе;13;ЦАО
орджоникидзе;132;ЦАО
орджоникидзе;136;ЦАО
орджоникидзе;138;ЦАО
орджоникидзе;14;ЦАО
орджоникидзе;158;ЦАО
орджоникидзе;16;ЦАО
орджоникидзе;162;ЦАО
орджоникидзе;26;ЦАО
орджоникидзе;268;ЦАО
орджоникидзе;270;ЦАО
орджоникидзе;272;ЦАО
орджоникидзе;273;ЦАО
орджоникидзе;275;ЦАО
орджоникидзе;277;ЦАО
орджоникидзе;279;ЦАО
орджоникидзе;281;ЦАО
орджоникидзе;287;ЦАО
орджоникидзе;45;ЦАО
орджоникидзе;68;ЦАО
орджоникидзе;88;ЦАО
орловского;12;ЛАО
орловского;4;ЛАО
орловского;5;ОАО
орловского;6;ЛАО
орловского;8;ЛАО
осоавиахимовская;157;ЦАО
осоавиахимовская;159;ЦАО
осоавиахимовская;187;ЦАО
осоавиахимовская;189;ЦАО
осоавиахимовская;21;ЦАО
осоавиахимовская;23;ЦАО
п козицкого;1;ЦАО
п козицкого;2;ЦАО
п козицкого;3;ЦАО
п козицкого;4;ЦАО
п козицкого;7;ЦАО
панфилова;10;ОАО
панфилова;12;ОАО
панфилова;14;ОАО
панфилова;6;ОАО
панфилова;8;ОАО
пархоменко;1;ОАО
пархоменко;11;ОАО
пархоменко;12;ОАО
пархоменко;13;ОАО
пархоменко;14;ОАО
пархоменко;15;ОАО
пархоменко;16;ОАО
пархоменко;17;ОАО
пархоменко;18;ОАО
пархоменко;19;ОАО
пархоменко;2;ОАО
пархоменко;20;ОАО
пархоменко;21;ОАО
пархоменко;22;ОАО
пархоменко;23;ОАО
пархоменко;24;ОАО
пархоменко;3;ОАО
пархоменко;4;ОАО
пархоменко;5;ОАО
пархоменко;6;ОАО
пархоменко;8;ОАО
пгт биофабрика;1;ЦАО
пгт биофабрика;10;ЦАО
пгт биофабрика;12;ЦАО
пгт биофабрика;14;ЦАО
пгт биофабрика;15;ЦАО
пгт биофабрика;2;ЦАО
пгт биофабрика;20;ЦАО
пгт биофабрика;21;ЦАО
пгт биофабрика;22;ЦАО
пгт биофабрика;23;ЦАО
пгт биофабрика;25;ЦАО
пгт биофабрика;3;ЦАО
пгт биофабрика;4;ЦАО
пгт биофабрика;5;ЦАО
пгт биофабрика;6;ЦАО
пгт биофабрика;7;ЦАО
пгт биофабрика;8;ЦАО
пгт биофабрика;9;ЦАО
пгт кирпичный завод 6-й;20;САО
пгт кирпичный завод 6-й;21;САО
пгт кирпичный завод 6-й;8;САО
пгт кирпичный завод 6-й;9;САО
пгт рв-49;3;САО
перелета;12;КАО
перелета;14;КАО
перелета;18;КАО
перелета;19;КАО
перелета;2;КАО
перелета;20;КАО
перелета;21;КАО
перелета;22;КАО
перелета;23;КАО
перелета;24;КАО
перелета;25;КАО
перелета;26;КАО
перелета;27;КАО
перелета;28;КАО
перелета;29;КАО
перелета;30;КАО
перелета;31;КАО
перелета;32;КАО
перелета;33;КАО
перелета;34;КАО
перелета;4;КАО
перелета;6;КАО
перелета;7;КАО
перелета;8;КАО
петра осминина;1;ОАО
петра осминина;10;ОАО
петра осминина;11;ОАО
петра осминина;12;ОАО
петра осминина;13;ОАО
петра осминина;14;ОАО
петра осминина;15;ОАО
петра осминина;16;ОАО
петра осминина;17;ОАО
петра осминина;18;ОАО
петра осминина;2;ОАО
петра осминина;20;ОАО
петра осминина;22;ОАО
петра осминина;26;ОАО
петра осминина;28;ОАО
петра осминина;3;ОАО
петра осминина;30;ОАО
петра осминина;4;ОАО
петра осминина;5;ОАО
петра осминина;6;ОАО
петра осминина;7;ОАО
петра осминина;8;ОАО
петра осминина;9;ОАО
петухова;1;САО
петухова;3;САО
петухова;5;САО
печникова;190;ОАО
печникова;300;ОАО
печникова;353;ОАО
печникова;354;ОАО
печникова;355;ОАО
печникова;356;ОАО
печникова;364;ОАО
печникова;389;ОАО
печникова;52;ОАО
печникова;60;ОАО
пирогова;46;ЦАО
пирогова;48;ЦАО
плеханова;39;ОАО
плеханова;49;ОАО
плеханова;62;ОАО
плеханова;66;ОАО
победы;1;ЦАО
победы;10;ЛАО
победы;2;ЛАО
победы;3;ЦАО
победы;4;ЛАО
победы;5;ЦАО
победы;6;ЛАО
победы;7;ЦАО
победы;8;ЛАО
подгорная;19;ЦАО
полковая;28;ЦАО
полковая;32;ЦАО
полковая;37;ЦАО
полковая;41;ЦАО
полосухина;101;ОАО
полосухина;102;ОАО
полосухина;394;ОАО
полосухина;86;ОАО
полосухина;91;ОАО
полосухина;92;ОАО
полторацкого;47;ЛАО
полторацкого;49;ЛАО
полторацкого;56;ЛАО
полторацкого;58;ЛАО
полторацкого;60;ЛАО
полторацкого;62;ЛАО
полторацкого;64;ЛАО
пономаренко;2;ОАО
пономаренко;3;ОАО
пономаренко;4;ОАО
попова;1;САО
попова;11;САО
попова;3;САО
попова;5;САО
попова;7;САО
попова;9;САО
поселковая 1-я;1;САО
поселковая 1-я;11;САО
поселковая 1-я;2;САО
поселковая 1-я;3;САО
поселковая 1-я;5;САО
поселковая 2-я;10;САО
поселковая 2-я;12;САО
поселковая 2-я;49;САО
поселковая 2-я;51;САО
поселковая 2-я;53;САО
поселковая 2-я;8;САО
поселковая 4-я;2;САО
поселковая 4-я;24;САО
поселковая 4-я;26;САО
поселковая 4-я;34;САО
поселковая 4-я;36;САО
поселковая 4-я;4;САО
поселковая 4-я;44;САО
почтовая;34;ЦАО
почтовая;37;ЦАО
почтовая;4;ЦАО
почтовая;45;ЦАО
почтовая;47;ЦАО
почтовая;6;ЦАО
правды;10;ЛАО
правды;12;ЛАО
правды;15;ЛАО
правды;18;ЛАО
правды;24;ЛАО
правды;25;ЛАО
правды;26;ЛАО
правды;4;ЛАО
правды;6;ЛАО
правды;8;ЛАО
правды;9;ЛАО
правый берег иртыша;153;САО
правый берег иртыша;154;САО
правый берег иртыша;156;САО
правый берег иртыша;157;САО
правый берег иртыша;159;САО
правый берег иртыша;160;САО
правый берег иртыша;161;САО
правый берег иртыша;162;САО
правый берег иртыша;164;САО
правый берег иртыша;170;САО
правый берег иртыша;177;САО
правый берег иртыша;178;САО
правый берег иртыша;179;САО
правый берег иртыша;180;САО
правый берег иртыша;181;САО
правый берег иртыша;182;САО
правый берег иртыша;183;САО
правый берег иртыша;184;САО
правый берег иртыша;187;САО
правый берег иртыша;189;САО
правый берег иртыша;190;САО
правый берег иртыша;191;САО
правый берег иртыша;192;САО
правый берег иртыша;193;САО
правый берег иртыша;194;САО
правый берег иртыша;195;САО
правый берег иртыша;196;САО
правый берег иртыша;197;САО
правый берег иртыша;198;САО
правый берег иртыша;199;САО
правый берег иртыша;200;САО
пранова;21;ЦАО
пранова;30;ЦАО
пранова;32;ЦАО
пранова;35;ЦАО
пригородная;10;САО
пригородная;17;САО
пригородная;21;САО
пригородная;23;САО
пригородная;25;САО
пригородная;27;САО
пригородная;29;САО
пригородная;3;САО
пригородная;5;САО
пригородная 1-я;14;САО
пригородная 2-я;11;САО
пригородная 2-я;12;САО
пригородная 2-я;13;САО
пригородная 2-я;15;САО
пригородная 2-я;18;САО
пригородная 2-я;20;САО
пригородная 2-я;4;САО
пригородная 2-я;9;САО
пригородная 3-я;1;САО
пригородная 3-я;10;САО
пригородная 3-я;11;САО
пригородная 3-я;12;САО
пригородная 3-я;13;САО
пригородная 3-я;14;САО
пригородная 3-я;2;САО
пригородная 3-я;3;САО
пригородная 3-я;4;САО
пригородная 3-я;5;САО
пригородная 3-я;6;САО
пригородная 3-я;7;САО
пригородная 3-я;8;САО
пригородная 3-я;9;САО
пригородная 4-я;1;САО
пригородная 4-я;10;САО
пригородная 4-я;2;САО
пригородная 4-я;3;САО
пригородная 4-я;4;САО
пригородная 4-я;6;САО
пригородная 4-я;8;САО
производственная 1-я;1;ЦАО
производственная 1-я;11;ЦАО
производственная 1-я;15;ЦАО
производственная 1-я;16;ЦАО
производственная 1-я;17;ЦАО
производственная 1-я;19;ЦАО
производственная 1-я;20;ЦАО
производственная 1-я;21;ЦАО
производственная 1-я;23;ЦАО
производственная 1-я;25;ЦАО
производственная 1-я;27;ЦАО
производственная 1-я;29;ЦАО
производственная 1-я;3;ЦАО
производственная 1-я;4;ЦАО
производственная 1-я;5;ЦАО
производственная 1-я;7;ЦАО
производственная 1-я;9;ЦАО
производственная 2-я;12;ЦАО
производственная 2-я;14;ЦАО
производственная 2-я;16;ЦАО
производственная 2-я;18;ЦАО
производственная 2-я;22;ЦАО
производственная 2-я;24;ЦАО
производственная 2-я;26;ЦАО
производственная 2-я;27;ЦАО
производственная 2-я;28;ЦАО
производственная 2-я;29;ЦАО
производственная 2-я;30;ЦАО
производственная 2-я;31;ЦАО
производственная 2-я;32;ЦАО
производственная 2-я;33;ЦАО
производственная 2-я;34;ЦАО
производственная 2-я;35;ЦАО
производственная 2-я;36;ЦАО
производственная 2-я;38;ЦАО
производственная 2-я;40;ЦАО
производственная 2-я;42;ЦАО
производственная 2-я;44;ЦАО
производственная 2-я;45;ЦАО
производственная 2-я;46;ЦАО
производственная 2-я;47;ЦАО
производственная 2-я;48;ЦАО
производственная 2-я;49;ЦАО
производственная 2-я;50;ЦАО
производственная 2-я;51;ЦАО
производственная 2-я;52;ЦАО
производственная 2-я;53;ЦАО
производственная 2-я;54;ЦАО
производственная 2-я;55;ЦАО
производственная 2-я;56;ЦАО
производственная 2-я;57;ЦАО
производственная 2-я;59;ЦАО
производственная 2-я;60;ЦАО
производственная 2-я;61;ЦАО
производственная 2-я;62;ЦАО
производственная 2-я;63;ЦАО
производственная 2-я;64;ЦАО
промышленная 1-я;2;ОАО
промышленная 1-я;4;ОАО
путилова;10;КАО
путилова;11;КАО
путилова;12;КАО
путилова;13;КАО
путилова;3;КАО
путилова;6;КАО
путилова;7;КАО
путилова;8;КАО
пушкина;103;ЦАО
пушкина;105;ЦАО
пушкина;107;ЦАО
пушкина;109;ЦАО
пушкина;110;ЦАО
пушкина;111;ЦАО
пушкина;113;ЦАО
пушкина;117;ЦАО
пушкина;133;ЦАО
пушкина;136;ЦАО
пушкина;140;ЦАО
пушкина;15;ЦАО
пушкина;30;ЦАО
пушкина;32;ЦАО
пушкина;37;ЦАО
пушкина;39;ЦАО
пушкина;75;ЦАО
пушкина;76;ЦАО
пушкина;97;ЦАО
пушкина;99;ЦАО
пятигорская;11;ЦАО
пятигорская;13;ЦАО
пятигорская;2;ЦАО
пятигорская;3;ЦАО
пятигорская;5;ЦАО
пятигорская;7;ЦАО
пятигорская;8;ЦАО
пятигорская;9;ЦАО
рабиновича;123;ЦАО
рабиновича;124;ЦАО
рабиновича;125;ЦАО
рабиновича;127;ЦАО
рабиновича;132;ЦАО
рабиновича;63;ЦАО
рабиновича;65;ЦАО
рабиновича;69;ЦАО
рабиновича;71;ЦАО
рабиновича;73;ЦАО
рабиновича;77;ЦАО
рабиновича;84;ЦАО
рабиновича;88;ЦАО
рабиновича;90;ЦАО
рабиновича;91;ЦАО
рабиновича;94;ЦАО
рабочая 10-я;67;ОАО
рабочая 10-я;69;ОАО
рабочая 15-я;102;ОАО
рабочая 15-я;88;ОАО
рабочая 15-я;90;ОАО
рабочая 17-я;110;ОАО
рабочая 17-я;72;ОАО
рабочая 17-я;82;ОАО
рабочая 17-я;84;ОАО
рабочая 17-я;91;ОАО
рабочая 17-я;99;ОАО
рабочая 18-я;67;ОАО
рабочая 19-я;127;ОАО
рабочая 19-я;129;ОАО
рабочая 19-я;46;ОАО
рабочая 19-я;81;ОАО
рабочая 19-я;83;ОАО
рабочая 19-я;84;ОАО
рабочая 19-я;86;ОАО
рабочая 19-я;90;ОАО
рабочая 20-я;73;ОАО
рабочая 23-я;66;ОАО
рабочая 23-я;68;ОАО
рабочая 23-я;70;ОАО
рабочая 25-я;125;ОАО
рабочая 5-я;64;ОАО
рабочая 5-я;66;ОАО
рабочая 5-я;70;ОАО
рабочая 5-я;85;ОАО
радищева;33;ЛАО
радищева;35;ЛАО
радищева;39;ЛАО
радищева;88;ЛАО
рождественского;1;ЛАО
рождественского;11;ЛАО
рождественского;13;ЛАО
рождественского;15;ЛАО
рождественского;3;ЛАО
рождественского;5;ЛАО
рождественского;7;ЛАО
рождественского;9;ЛАО
рокоссовского;10;КАО
рокоссовского;12;КАО
рокоссовского;14;КАО
рокоссовского;16;КАО
рокоссовского;18;КАО
рокоссовского;2;КАО
рокоссовского;20;КАО
рокоссовского;28;КАО
рокоссовского;30;КАО
рокоссовского;32;КАО
рокоссовского;4;КАО
рокоссовского;6;КАО
рокоссовского;8;КАО
романенко;1;ОАО
романенко;10;ОАО
романенко;12;ОАО
романенко;13;ОАО
романенко;14;ОАО
романенко;15;ОАО
романенко;16;ОАО
романенко;2;ОАО
романенко;3;ОАО
романенко;4;ОАО
романенко;5;ОАО
романенко;6;ОАО
романенко;7;ОАО
романенко;8;ОАО
романенко;9;ОАО
ростовская;14;ЛАО
ростовская;15;ЛАО
ростовская;16;ЛАО
ростовская;17;ЛАО
ростовская;18;ЛАО
ростовская;19;ЛАО
ростовская;20;ЛАО
ростовская;21;ЛАО
ростовская;22;ЛАО
ростовская;23;ЛАО
ростовская;25;ЛАО
ростовская;28;ЛАО
ростовская;29;ЛАО
ростовская;30;ЛАО
ростовская;31;ЛАО
ростовская;32;ЛАО
ростовская;33;ЛАО
ростовская;35;ЛАО
ростовская;36;ЛАО
ростовская;37;ЛАО
ростовская;7;ЛАО
рощинская;1;ОАО
рощинская;2;ОАО
с иванова;22;ЛАО
с иванова;25;ЛАО
садовая;10;КАО
садовая;11;КАО
садовая;16;КАО
сажинская;26;ЦАО
сажинская;3;ЦАО
сажинская;33;ЦАО
сажинская;35;ЦАО
сажинская;4;ЦАО
сазонова;193;ЦАО
сазонова;195;ЦАО
сазонова;197;ЦАО
сазонова;208;ЦАО
сазонова;33;ЦАО
сазонова;47;ЦАО
санитарная;16;ЛАО
санитарная;18;ЛАО
санитарная;20;ЛАО
санитарная;22;ЛАО
санитарная;24;ЛАО
санитарная;26;ЛАО
санитарная;35;ЛАО
санитарная;37;ЛАО
санитарная;43;ЛАО
санитарная;57;ЛАО
светлая;1;САО
светлая;10;САО
светлая;12;САО
светлая;2;САО
светлая;3;САО
светлая;4;САО
светлая;6;САО
светлая;7;САО
светлая;8;САО
светлая;9;САО
северная 10-я;127;ЦАО
северная 10-я;155;ЦАО
северная 10-я;156;ЦАО
северная 10-я;157;ЦАО
северная 10-я;163;ЦАО
северная 13-я;142;ЦАО
северная 14-я;141;ЦАО
северная 14-я;151;ЦАО
северная 16-я;143;ЦАО
северная 16-я;144;ЦАО
северная 16-я;147;ЦАО
северная 16-я;150;ЦАО
северная 16-я;151;ЦАО
северная 17-я;97;ЦАО
северная 17-я;99;ЦАО
северная 18-я;96;ЦАО
северная 18-я;98;ЦАО
северная 19-я;103;ЦАО
северная 19-я;80;ЦАО
северная 2-я;24;ЦАО
северная 2-я;25;ЦАО
северная 2-я;26;ЦАО
северная 2-я;27;ЦАО
северная 2-я;28;ЦАО
северная 2-я;31;ЦАО
северная 21-я;154;ЦАО
северная 24-я;168;ЦАО
северная 26-я;19;ЦАО
северная 26-я;52;ЦАО
северная 27-я;1;ЦАО
северная 27-я;14;ЦАО
северная 27-я;16;ЦАО
северная 27-я;3;ЦАО
северная 28-я;19;ЦАО
северная 28-я;23;ЦАО
северная 28-я;25;ЦАО
северная 28-я;29;ЦАО
северная 3-я;123;ЦАО
северная 3-я;78;ЦАО
северная 4-я;101;ЦАО
северная 4-я;103;ЦАО
северная 4-я;105;ЦАО
северная 4-я;106;ЦАО
северная 4-я;108;ЦАО
северная 4-я;110;ЦАО
северная 4-я;5;САО
северная 4-я;81;ЦАО
северная 4-я;83;ЦАО
северная 4-я;89;ЦАО
северная 4-я;91;ЦАО
северная 4-я;93;ЦАО
северная 4-я;97;ЦАО
северная 4-я;99;ЦАО
северная 5-я;101;ЦАО
северная 5-я;105;ЦАО
северная 5-я;191;ЦАО
северная 5-я;193;ЦАО
северная 5-я;195;ЦАО
северная 5-я;197;ЦАО
северная 5-я;199;ЦАО
северная 5-я;78;ЦАО
северная 5-я;82;ЦАО
северная 5-я;86;ЦАО
северная 5-я;88;ЦАО
северная 5-я;90;ЦАО
северная 5-я;91;ЦАО
северная 5-я;94;ЦАО
северная 5-я;96;ЦАО
северная 6-я;108;ЦАО
северная 6-я;110;ЦАО
северная 6-я;122;ЦАО
северная 6-я;127;ЦАО
северная 6-я;129;ЦАО
северная 6-я;133;ЦАО
северная 6-я;135;ЦАО
северная 6-я;137;ЦАО
северная 6-я;15;ЦАО
северная 7-я;109;ЦАО
северная 7-я;119;ЦАО
северная 7-я;123;ЦАО
северная 7-я;129;ЦАО
северная 7-я;368;ЦАО
северная 7-я;369;ЦАО
северная 8-я;125;ЦАО
северная 8-я;127;ЦАО
северная 9-я;171;ЦАО
северная 9-я;99;ЦАО
сенная;30;ЦАО
сенная;33;ЦАО
сенная;35;ЦАО
серова;1;ЛАО
серова;10;ЛАО
серова;11;ЛАО
серова;12;ЛАО
серова;13;ЛАО
серова;14;ЛАО
серова;16;ЛАО
серова;18;ЛАО
серова;20;ЛАО
серова;21;ЛАО
серова;22;ЛАО
серова;24;ЛАО
серова;26;ЛАО
серова;3;ЛАО
серова;4;ЛАО
серова;5;ЛАО
серова;56;ЛАО
серова;58;ЛАО
серова;6;ЛАО
серова;7;ЛАО
серова;74;ЛАО
серова;8;ЛАО
серова;9;ЛАО
сибаковская;8;САО
сибниисхоз;1;САО
сибниисхоз;11;САО
сибниисхоз;12;САО
сибниисхоз;13;САО
сибниисхоз;17;САО
сибниисхоз;2;САО
сибниисхоз;20;САО
сибниисхоз;23;САО
сибниисхоз;25;САО
сибниисхоз;29;САО
сибниисхоз;3;САО
сибниисхоз;30;САО
сибниисхоз;36;САО
сибниисхоз;4;САО
сибниисхоз;5;САО
сибниисхоз;59;САО
сибниисхоз;6;САО
сибниисхоз;7;САО
сибниисхоз;75;САО
славянская;1;ЦАО
славянская;3;ЦАО
слободская;11;ЦАО
слободская;13;ЦАО
слободская;23;ЦАО
слободская;25;ЦАО
слободская;9;ЦАО
совхозная;101;ЦАО
совхозная;132;ЦАО
совхозная;134;ЦАО
совхозная;135;ЦАО
совхозная;138;ЦАО
совхозная;170;ЦАО
совхозная;62;ЦАО
совхозная;92;ЦАО
совхозная;97;ЦАО
совхозная 2-я;11;ЦАО
совхозная 2-я;124;ЦАО
совхозная 2-я;13;ЦАО
совхозная 2-я;15;ЦАО
совхозная 2-я;163;ЦАО
совхозная 2-я;17;ЦАО
совхозная 2-я;19;ЦАО
совхозная 2-я;23;ЦАО
совхозная 2-я;25;ЦАО
совхозная 2-я;48;ЦАО
совхозная 2-я;87;ЦАО
совхозная 2-я;9;ЦАО
солнечная 1-я;42;КАО
солнечная 1-я;55;КАО
солнечная 10-я;23;КАО
солнечная 10-я;32;КАО
солнечная 11-я;2;КАО
солнечная 2-я;23;КАО
солнечная 2-я;24;КАО
солнечная 2-я;28;КАО
солнечная 2-я;29;КАО
солнечная 2-я;30;КАО
солнечная 2-я;301;КАО
солнечная 2-я;32;КАО
солнечная 2-я;44;КАО
солнечная 4-я;16;КАО
солнечная 4-я;18;КАО
солнечная 6-я;10;КАО
солнечная 7-я;1;КАО
солнечная 7-я;31;КАО
солнечная 9-я;27;КАО
спартаковская;10;ЦАО
спартаковская;13;ЦАО
спартаковская;18;ЦАО
спартаковская;3;ЦАО
спартаковская;8;ЦАО
средняя;5;ЦАО
средняя;7;ЦАО
стачечная;15;ЦАО
стачечная;6;ЦАО
степана разина;3;ЦАО
степана разина;36;ЦАО
степанца;10;КАО
степанца;12;КАО
степанца;14;КАО
степанца;2;КАО
степанца;3;КАО
степанца;6;КАО
степанца;8;КАО
степная;113;ЦАО
степная;128;ЦАО
степная;130;ЦАО
степная;132;ЦАО
степная;239;ЦАО
степная;31;ЦАО
степная;99;ЦАО
стрельникова;1;САО
стрельникова;10;САО
стрельникова;3;САО
стрельникова;4;САО
стрельникова;5;САО
стрельникова;6;САО
стрельникова;7;САО
стрельникова;8;САО
строителей;1;САО
строителей;10;САО
строителей;11;САО
строителей;12;САО
строителей;13;САО
строителей;14;САО
строителей;15;САО
строителей;16;САО
строителей;17;САО
строителей;19;САО
строителей;2;САО
строителей;22;САО
строителей;24;САО
строителей;27;САО
строителей;28;САО
строителей;3;САО
строителей;32;САО
строителей;4;САО
строителей;5;САО
строителей;50;САО
строителей;6;САО
строителей;7;САО
строителей;8;САО
строителей;9;САО
судоремонтная 13-я;12;ЦАО
судоремонтная 13-я;16;ЦАО
судоремонтная 14-я;13;ЦАО
судоремонтная 14-я;14;ЦАО
судоремонтная 4-я;14;ЦАО
судоремонтная 4-я;7;ЦАО
судоремонтная 5-я;13;ЦАО
судоремонтная 5-я;15;ЦАО
судоремонтная 5-я;17;ЦАО
судоремонтная 5-я;18;ЦАО
судоремонтная 5-я;23;ЦАО
судоремонтная 6-я;10;ЦАО
судоремонтная 6-я;13;ЦАО
судоремонтная 7-я;1;ЦАО
судоремонтная 8-я;2;ЦАО
сулеймана стальского;1;ЛАО
сулеймана стальского;10;ЛАО
сулеймана стальского;12;ЛАО
сулеймана стальского;13;ЛАО
сулеймана стальского;2;ЛАО
сулеймана стальского;3;ЛАО
сулеймана стальского;4;ЛАО
сулеймана стальского;6;ЛАО
сулеймана стальского;7;ЛАО
сулеймана стальского;8;ЛАО
сулеймана стальского;9;ЛАО
съездовская;144;ЦАО
съездовская;146;ЦАО
съездовская;4;ЦАО
съездовская;41;ЦАО
съездовская;50;ЦАО
тарская;103;ЦАО
тарская;107;ЦАО
тарская;116;ЦАО
тарская;118;ЦАО
тарская;121;ЦАО
тарская;129;ЦАО
тарская;13;ЦАО
тарская;130;ЦАО
тарская;131;ЦАО
тарская;132;ЦАО
тарская;139;ЦАО
тарская;140;ЦАО
тарская;142;ЦАО
тарская;145;ЦАО
тарская;146;ЦАО
тарская;151;ЦАО
тарская;155;ЦАО
тарская;159;ЦАО
тарская;164;ЦАО
тарская;166;ЦАО
тарская;170;ЦАО
тарская;32;ЦАО
тарская;38;ЦАО
тарская;40;ЦАО
тарская;50;ЦАО
тарская;51;ЦАО
тарская;52;ЦАО
тарская;53;ЦАО
тарская;98;ЦАО
таубе;10;ЦАО
таубе;12;ЦАО
таубе;14;ЦАО
тварковского;1;САО
тварковского;10;САО
тварковского;2;САО
тварковского;3;САО
тварковского;4;САО
тварковского;5;САО
тварковского;7;САО
тварковского;9;САО
театральная;13;ЦАО
телевизионная;19;САО
телевизионная;21;САО
телевизионная;23;САО
телевизионная;24;САО
телевизионная;25;САО
телевизионная;26;САО
телевизионная;27;САО
телевизионная;28;САО
телевизионная;29;САО
телевизионная;30;САО
телевизионная;31;САО
телевизионная;32;САО
телевизионная;33;САО
телевизионная;34;САО
телевизионная;35;САО
телевизионная;36;САО
телевизионная;37;САО
телевизионная;38;САО
телевизионная;39;САО
телевизионная;40;САО
телевизионная;42;САО
телевизионная;44;САО
телевизионный 1-й;10;САО
телевизионный 1-й;11;САО
телевизионный 1-й;12;САО
телевизионный 1-й;13;САО
телевизионный 1-й;14;САО
телевизионный 1-й;15;САО
телевизионный 1-й;16;САО
телевизионный 1-й;17;САО
телевизионный 1-й;18;САО
телевизионный 1-й;2;САО
телевизионный 1-й;3;САО
телевизионный 1-й;4;САО
телевизионный 1-й;5;САО
телевизионный 1-й;6;САО
телевизионный 1-й;7;САО
телевизионный 1-й;8;САО
телевизионный 1-й;9;САО
телевизионный 2-й;10;САО
телевизионный 2-й;11;САО
телевизионный 2-й;12;САО
телевизионный 2-й;13;САО
телевизионный 2-й;14;САО
телевизионный 2-й;15;САО
телевизионный 2-й;16;САО
телевизионный 2-й;17;САО
телевизионный 2-й;18;САО
телевизионный 2-й;2;САО
телевизионный 2-й;3;САО
телевизионный 2-й;4;САО
телевизионный 2-й;5;САО
телевизионный 2-й;6;САО
телевизионный 2-й;7;САО
телевизионный 2-й;8;САО
телевизионный 2-й;9;САО
территория тпк;11;ЛАО
территория тпк;12;ЛАО
территория тпк;13;ЛАО
территория тпк;15;ЛАО
территория тпк;6;ЛАО
территория тпк;7;ЛАО
территория тпк;8;ЛАО
товстухо;1;ОАО
товстухо;2;ОАО
товстухо;3;ОАО
товстухо;4;ОАО
товстухо;5;ОАО
толстого;37;ЛАО
толстого;39;ЛАО
толстого;40;ЛАО
толстого;41;ЛАО
толстого;47;ЛАО
толстого;71;ЛАО
толстого;75;ЛАО
толстого;82;ЛАО
толстого;83;ЛАО
толстого;84;ЛАО
толстого;86;ЛАО
толстого;89;ЛАО
толстого;90;ЛАО
толстого;91;ЛАО
толстого;92;ЛАО
толстого;93;ЛАО
томская 1-я;6;ЦАО
транспортная 1-я;10;ОАО
транспортная 2-я;10;ОАО
транспортная 2-я;12;ОАО
транспортная 2-я;16;ОАО
транспортная 3-я;11;ОАО
транспортная 3-я;13;ОАО
транспортная 3-я;19;ОАО
транспортная 3-я;21;ОАО
транспортная 3-я;4;ОАО
транспортная 3-я;7;ОАО
транспортная 3-я;9;ОАО
транспортная 4-я;10;ОАО
транспортная 4-я;12;ОАО
транспортная 4-я;13;ОАО
транспортная 4-я;14;ОАО
транспортная 4-я;15;ОАО
транспортная 4-я;2;ОАО
транспортная 4-я;3;ОАО
транспортная 4-я;5;ОАО
транспортная 4-я;50;ОАО
транспортная 4-я;54;ОАО
транспортная 4-я;7;ОАО
транспортная 4-я;9;ОАО
третьяковская;3;ЦАО
третьяковская;44;ЦАО
третьяковская;50;ЦАО
труда;1;ЛАО
труда;10;ЛАО
труда;11;ЛАО
труда;12;ЛАО
труда;17;ЛАО
труда;21;ЛАО
труда;29;ЛАО
труда;3;ЛАО
труда;31;ЛАО
труда;33;ЛАО
труда;35;ЛАО
труда;42;ЛАО
труда;44;ЛАО
труда;49;ЛАО
труда;5;ЛАО
труда;7;ЛАО
труда;9;ЛАО
трудовая;61;САО
туп иркутский;1;ОАО
туп совхозный;6;ЦАО
туп совхозный;8;ЦАО
туполева;1;КАО
туполева;2;КАО
туполева;3;КАО
туполева;4;КАО
туполева;5;КАО
туполева;6;КАО
туполева;8;КАО
тухачевского;18;ЦАО
тухачевского;20;ЦАО
тухачевского;22;ЦАО
тюленина;1;САО
тюленина;11;САО
тюленина;12;САО
тюленина;13;САО
тюленина;14;САО
тюленина;15;САО
тюленина;18;САО
тюленина;3;САО
тюленина;5;САО
тюленина;7;САО
тюленина;9;САО
универсальная;1;ЦАО
универсальная;3;ЦАО
универсальная;5;ЦАО
успенского;10;ЦАО
успенского;14;ЦАО
успенского;2;ЦАО
успенского;26;ЦАО
успенского;31;ЦАО
успенского;34;ЦАО
успенского;4;ЦАО
успенского;41;ЦАО
успенского;43;ЦАО
успенского;45;ЦАО
успенского;56;ЦАО
успенского;9;ЦАО
успенского;93;ЦАО
учебная;152;ЦАО
учебная;155;ЦАО
учебная;157;ЦАО
учебная;185;ОАО
учебная;19;ЦАО
учебная;190;ЦАО
учебная;191;ОАО
учебная;192;ЦАО
учебная;193;ОАО
учебная;195;ОАО
учебная;197;ОАО
учебная;199;ОАО
учебная;20;САО
учебная;20;ЦАО
учебная;202;ОАО
учебная;25;ЦАО
учебная;27;ЦАО
учебная;42;ЦАО
учебная;48;ЦАО
учебная;52;ЦАО
учебная;53;ЦАО
учебная;54;ЦАО
учебная;56;ЦАО
учебная;57;ЦАО
учебная;58;ЦАО
учебная;61;ЦАО
учебная;62;ЦАО
учебная;64;ЦАО
учебная;71;ЦАО
учебная;78;ЦАО
учебная;80;ЦАО
учебная;86;ЦАО
учебная;9;ЦАО
училищная;2;ЦАО
училищная;4;ЦАО
училищная;6;ЦАО
учхозная 1-я;1;ЦАО
учхозная 1-я;10;ЦАО
учхозная 1-я;20;ЦАО
учхозная 1-я;3;ЦАО
учхозная 1-я;8;ЦАО
учхозная 2-я;10;ЦАО
учхозная 2-я;11;ЦАО
учхозная 2-я;13;ЦАО
учхозная 2-я;15;ЦАО
учхозная 2-я;16;ЦАО
учхозная 2-я;18;ЦАО
учхозная 2-я;2;ЦАО
учхозная 2-я;21;ЦАО
учхозная 2-я;22;ЦАО
учхозная 2-я;27;ЦАО
учхозная 2-я;29;ЦАО
учхозная 2-я;3;ЦАО
учхозная 2-я;31;ЦАО
учхозная 2-я;33;ЦАО
учхозная 2-я;4;ЦАО
учхозная 2-я;5;ЦАО
учхозная 2-я;6;ЦАО
учхозная 2-я;7;ЦАО
учхозная 2-я;9;ЦАО
учхозная 3-я;12;ЦАО
учхозная 3-я;4;ЦАО
учхозная 3-я;6;ЦАО
учхозная 3-я;8;ЦАО
ушинского;10;ЛАО
ушинского;12;ЛАО
ушинского;4;ЛАО
ушинского;8;ЛАО
ф и тютчева;11;САО
ф и тютчева;2;САО
ф и тютчева;4;САО
ф и тютчева;6;САО
ф и тютчева;8;САО
федора крылова;10;ЛАО
федора крылова;2;ЛАО
федора крылова;3;ЛАО
федора крылова;4;ЛАО
федора крылова;5;ЛАО
федора крылова;6;ЛАО
федора крылова;8;ЛАО
физкультурная;10;САО
физкультурная;5;САО
физкультурная;6;САО
физкультурная;8;САО
фрунзе;1;ЦАО
фрунзе;49;ЦАО
фрунзе;57;ЦАО
фрунзе;67;ЦАО
фугенфирова;1;КАО
фугенфирова;10;КАО
фугенфирова;11;КАО
фугенфирова;12;КАО
фугенфирова;13;КАО
фугенфирова;2;КАО
фугенфирова;3;КАО
фугенфирова;4;КАО
фугенфирова;5;КАО
фугенфирова;7;КАО
фурманова;6;ЦАО
химиков;10;САО
химиков;12;САО
химиков;14;САО
химиков;16;САО
химиков;17;САО
химиков;18;САО
химиков;20;САО
химиков;22;САО
химиков;25;САО
химиков;29;САО
химиков;31;КАО
химиков;31;САО
химиков;32;САО
химиков;34;САО
химиков;36;САО
химиков;38;САО
химиков;4;САО
химиков;40;САО
химиков;43;САО
химиков;45;САО
химиков;46;САО
химиков;47;САО
химиков;48;САО
химиков;50;САО
химиков;52;САО
химиков;53;САО
химиков;55;САО
химиков;57;САО
химиков;6;САО
химиков;61;САО
химиков;63;САО
химиков;65;САО
химиков;67;САО
худенко;1;ОАО
худенко;10;ОАО
худенко;12;ОАО
худенко;3;ОАО
худенко;5;ОАО
циолковского;2;ЦАО
циолковского;4;ЦАО
циолковского;6;ЦАО
чайковского;1;ЛАО
чайковского;10;ЛАО
чайковского;12;ЛАО
чайковского;3;ЛАО
чайковского;4;ЛАО
чайковского;6;ЛАО
чапаева;81;ЦАО
чапаева;83;ЦАО
челюскинцев;100;ЦАО
челюскинцев;102;ЦАО
челюскинцев;106;ЦАО
челюскинцев;90;ЦАО
челюскинцев;98;ЦАО
челюскинцев 2-я;10;ЦАО
челюскинцев 2-я;11;ЦАО
челюскинцев 2-я;12;ЦАО
челюскинцев 2-я;13;ЦАО
челюскинцев 2-я;14;ЦАО
челюскинцев 2-я;15;ЦАО
челюскинцев 2-я;16;ЦАО
челюскинцев 2-я;17;ЦАО
челюскинцев 2-я;2;ЦАО
челюскинцев 2-я;4;ЦАО
челюскинцев 2-я;6;ЦАО
челюскинцев 2-я;7;ЦАО
челюскинцев 2-я;8;ЦАО
челюскинцев 2-я;9;ЦАО
чередовая 1-я;1;ЛАО
чередовая 1-я;15;ЛАО
чередовая 1-я;4;ЛАО
чередовая 1-я;5;ЛАО
чередовая 1-я;9;ЛАО
чередовая 10-я;15;ЛАО
чередовая 10-я;17;ЛАО
чередовая 10-я;21;ЛАО
чередовая 10-я;23;ЛАО
чередовая 10-я;25;ЛАО
чередовая 10-я;26;ЛАО
чередовая 10-я;27;ЛАО
чередовая 14-я;2;ЛАО
чередовая 14-я;4;ЛАО
чередовая 14-я;6;ЛАО
чередовая 14-я;8;ЛАО
чередовая 3-я;28;ЛАО
чередовая 3-я;3;ЛАО
чередовая 3-я;9;ЛАО
чередовая 5-я;13;ЛАО
чередовая 5-я;17;ЛАО
чередовая 5-я;18;ЛАО
чередовая 5-я;22;ЛАО
чередовая 5-я;26;ЛАО
чередовая 5-я;31;ЛАО
чередовая 5-я;33;ЛАО
чередовая 5-я;42;ЛАО
чередовая 6-я;100;ЛАО
чередовая 6-я;102;ЛАО
чередовая 7-я;1;ЛАО
чередовая 7-я;3;ЛАО
чередовая 8-я;11;ЛАО
чередовая 8-я;5;ЛАО
чередовый 4-й;10;ЛАО
чернышевского;2;ЦАО
чехова;3;ЦАО
чкалова;10;ОАО
чкалова;103;ЦАО
чкалова;11;ОАО
чкалова;12;ОАО
чкалова;15;ОАО
чкалова;16;ОАО
чкалова;17;ОАО
чкалова;18;ОАО
чкалова;19;ОАО
чкалова;21;ОАО
чкалова;26;ЦАО
чкалова;28;ЦАО
чкалова;3;ОАО
чкалова;33;ЦАО
чкалова;36;ЦАО
чкалова;37;ЦАО
чкалова;4;ОАО
чкалова;44;ЦАО
чкалова;5;ОАО
чкалова;50;ЦАО
чкалова;52;ЦАО
чкалова;54;ЦАО
чкалова;62;ЦАО
чкалова;64;ЦАО
чкалова;66;ЦАО
чкалова;67;ЦАО
чкалова;68;ЦАО
чкалова;69;ЦАО
чкалова;70;ЦАО
чкалова;71;ЦАО
чкалова;72;ЦАО
чкалова;73;ЦАО
чкалова;76;ЦАО
чкалова;8;ЦАО
чкалова;82;ЦАО
чкалова;87;ЦАО
чкалова;89;ЦАО
чкалова;9;ОАО
чкалова;91;ЦАО
чкалова;93;ЦАО
чкалова;95;ЦАО
чкалова;99;ЦАО
чокана валиханова;11;ЦАО
чокана валиханова;18;ЦАО
чокана валиханова;2;ЦАО
шебалдина;164;ОАО
шебалдина;166;ОАО
шебалдина;168;ОАО
шебалдина;170;ОАО
шебалдина;199;ОАО
шебалдина;31;ЦАО
шебалдина;33;ЦАО
шебалдина;68;ЦАО
шинная 1-я;46;ОАО
шинная 1-я;59;ОАО
шинная 1-я;61;ОАО
шинная 1-я;62;ОАО
шинная 1-я;67;ОАО
школьный;1;САО
школьный;10;САО
школьный;11;САО
школьный;12;САО
школьный;13;САО
школьный;14;САО
школьный;16;САО
школьный;3;САО
школьный;4;САО
школьный;5;САО
школьный;6;САО
школьный;7;САО
школьный;8;САО
школьный;9;САО
энергетиков;1;САО
энергетиков;10;САО
энергетиков;11;САО
энергетиков;12;САО
энергетиков;13;САО
энергетиков;15;САО
энергетиков;16;САО
энергетиков;17;САО
энергетиков;18;САО
энергетиков;19;САО
энергетиков;2;САО
энергетиков;20;САО
энергетиков;22;САО
энергетиков;24;САО
энергетиков;26;САО
энергетиков;28;САО
энергетиков;29;САО
энергетиков;3;САО
энергетиков;31;САО
энергетиков;33;САО
энергетиков;34;САО
энергетиков;36;САО
энергетиков;38;САО
энергетиков;39;САО
энергетиков;4;САО
энергетиков;40;САО
энергетиков;42;САО
энергетиков;44;САО
энергетиков;5;САО
энергетиков;53;САО
энергетиков;54;САО
энергетиков;56;САО
энергетиков;58;САО
энергетиков;6;САО
энергетиков;61;САО
энергетиков;63;САО
энергетиков;65;САО
энергетиков;66;САО
энергетиков;67;САО
энергетиков;68;САО
энергетиков;69;САО
энергетиков;7;САО
энергетиков;70;САО
энергетиков;8;САО
энергетиков;9;САО
энтузиастов;10;САО
энтузиастов;101;САО
энтузиастов;103;САО
энтузиастов;105;САО
энтузиастов;107;САО
энтузиастов;109;САО
энтузиастов;11;САО
энтузиастов;111;САО
энтузиастов;113;САО
энтузиастов;117;САО
энтузиастов;119;САО
энтузиастов;12;САО
энтузиастов;121;САО
энтузиастов;123;САО
энтузиастов;125;САО
энтузиастов;127;САО
энтузиастов;129;САО
энтузиастов;13;САО
энтузиастов;131;САО
энтузиастов;133;САО
энтузиастов;15;САО
энтузиастов;16;САО
энтузиастов;17;САО
энтузиастов;18;САО
энтузиастов;19;САО
энтузиастов;20;САО
энтузиастов;21;САО
энтузиастов;22;САО
энтузиастов;23;САО
энтузиастов;24;САО
энтузиастов;25;САО
энтузиастов;26;САО
энтузиастов;27;САО
энтузиастов;28;САО
энтузиастов;29;САО
энтузиастов;3;САО
энтузиастов;30;САО
энтузиастов;31;САО
энтузиастов;32;САО
энтузиастов;33;САО
энтузиастов;34;САО
энтузиастов;35;САО
энтузиастов;36;САО
энтузиастов;37;САО
энтузиастов;38;САО
энтузиастов;4;САО
энтузиастов;40;САО
энтузиастов;42;САО
энтузиастов;43;САО
энтузиастов;44;САО
энтузиастов;45;САО
энтузиастов;46;САО
энтузиастов;48;САО
энтузиастов;49;САО
энтузиастов;5;САО
энтузиастов;50;САО
энтузиастов;52;САО
энтузиастов;6;САО
энтузиастов;61;САО
энтузиастов;63;САО
энтузиастов;65;САО
энтузиастов;67;САО
энтузиастов;69;САО
энтузиастов;73;САО
энтузиастов;75;САО
энтузиастов;77;САО
энтузиастов;79;САО
энтузиастов;8;САО
энтузиастов;81;САО
энтузиастов;83;САО
энтузиастов;85;САО
энтузиастов;87;САО
энтузиастов;9;САО
энтузиастов;91;САО
энтузиастов;95;САО
энтузиастов;97;САО
энтузиастов;99;САО
юбилейная;1;ОАО
юбилейная;2;ОАО
юбилейная;3;ОАО
юбилейная;4;ОАО
юбилейная;5;ОАО
юбилейная;6;ОАО
юбилейная;7;ОАО
яковлева;10;ЦАО
яковлева;106;ЦАО
яковлева;11;ЦАО
яковлева;12;ЦАО
яковлева;147;ЦАО
яковлева;16;ЦАО
яковлева;165;ЦАО
яковлева;166;ЦАО
яковлева;167;ЦАО
яковлева;169;ЦАО
яковлева;2;ЦАО
яковлева;4;ЦАО
яковлева;7;ЦАО
яковлева;8;ЦАО
яковлева;9;ЦАО
